INSERT INTO emoticonpack (id, type, name, price, forsale, status) VALUES (35, 2, 'Numbers Pack', 0.55, 0, 1);
INSERT INTO emoticon (id, emoticonpackid, type, alias, width, height, location, locationpng) VALUES (1045, 35, 1, '0', 12, 12, '/usr/fusion/emoticons/numbers/0_12.gif', '/usr/fusion/emoticons/numbers/0_12.png');
INSERT INTO emoticonhotkey (id, emoticonid, type, hotkey) VALUES (1252, 1045, 1, '(n0)');
INSERT INTO emoticon (id, emoticonpackid, type, alias, width, height, location, locationpng) VALUES (1046, 35, 1, '0', 14, 14, '/usr/fusion/emoticons/numbers/0_14.gif', '/usr/fusion/emoticons/numbers/0_14.png');
INSERT INTO emoticonhotkey (id, emoticonid, type, hotkey) VALUES (1253, 1046, 1, '(n0)');
INSERT INTO emoticon (id, emoticonpackid, type, alias, width, height, location, locationpng) VALUES (1047, 35, 1, '0', 16, 16, '/usr/fusion/emoticons/numbers/0_16.gif', '/usr/fusion/emoticons/numbers/0_16.png');
INSERT INTO emoticonhotkey (id, emoticonid, type, hotkey) VALUES (1254, 1047, 1, '(n0)');
INSERT INTO emoticon (id, emoticonpackid, type, alias, width, height, location, locationpng) VALUES (1048, 35, 1, '1', 12, 12, '/usr/fusion/emoticons/numbers/1_12.gif', '/usr/fusion/emoticons/numbers/1_12.png');
INSERT INTO emoticonhotkey (id, emoticonid, type, hotkey) VALUES (1255, 1048, 1, '(n1)');
INSERT INTO emoticon (id, emoticonpackid, type, alias, width, height, location, locationpng) VALUES (1049, 35, 1, '1', 14, 14, '/usr/fusion/emoticons/numbers/1_14.gif', '/usr/fusion/emoticons/numbers/1_14.png');
INSERT INTO emoticonhotkey (id, emoticonid, type, hotkey) VALUES (1256, 1049, 1, '(n1)');
INSERT INTO emoticon (id, emoticonpackid, type, alias, width, height, location, locationpng) VALUES (1050, 35, 1, '1', 16, 16, '/usr/fusion/emoticons/numbers/1_16.gif', '/usr/fusion/emoticons/numbers/1_16.png');
INSERT INTO emoticonhotkey (id, emoticonid, type, hotkey) VALUES (1257, 1050, 1, '(n1)');
INSERT INTO emoticon (id, emoticonpackid, type, alias, width, height, location, locationpng) VALUES (1051, 35, 1, '2', 12, 12, '/usr/fusion/emoticons/numbers/2_12.gif', '/usr/fusion/emoticons/numbers/2_12.png');
INSERT INTO emoticonhotkey (id, emoticonid, type, hotkey) VALUES (1258, 1051, 1, '(n2)');
INSERT INTO emoticon (id, emoticonpackid, type, alias, width, height, location, locationpng) VALUES (1052, 35, 1, '2', 14, 14, '/usr/fusion/emoticons/numbers/2_14.gif', '/usr/fusion/emoticons/numbers/2_14.png');
INSERT INTO emoticonhotkey (id, emoticonid, type, hotkey) VALUES (1259, 1052, 1, '(n2)');
INSERT INTO emoticon (id, emoticonpackid, type, alias, width, height, location, locationpng) VALUES (1053, 35, 1, '2', 16, 16, '/usr/fusion/emoticons/numbers/2_16.gif', '/usr/fusion/emoticons/numbers/2_16.png');
INSERT INTO emoticonhotkey (id, emoticonid, type, hotkey) VALUES (1260, 1053, 1, '(n2)');
INSERT INTO emoticon (id, emoticonpackid, type, alias, width, height, location, locationpng) VALUES (1054, 35, 1, '3', 12, 12, '/usr/fusion/emoticons/numbers/3_12.gif', '/usr/fusion/emoticons/numbers/3_12.png');
INSERT INTO emoticonhotkey (id, emoticonid, type, hotkey) VALUES (1261, 1054, 1, '(n3)');
INSERT INTO emoticon (id, emoticonpackid, type, alias, width, height, location, locationpng) VALUES (1055, 35, 1, '3', 14, 14, '/usr/fusion/emoticons/numbers/3_14.gif', '/usr/fusion/emoticons/numbers/3_14.png');
INSERT INTO emoticonhotkey (id, emoticonid, type, hotkey) VALUES (1262, 1055, 1, '(n3)');
INSERT INTO emoticon (id, emoticonpackid, type, alias, width, height, location, locationpng) VALUES (1056, 35, 1, '3', 16, 16, '/usr/fusion/emoticons/numbers/3_16.gif', '/usr/fusion/emoticons/numbers/3_16.png');
INSERT INTO emoticonhotkey (id, emoticonid, type, hotkey) VALUES (1263, 1056, 1, '(n3)');
INSERT INTO emoticon (id, emoticonpackid, type, alias, width, height, location, locationpng) VALUES (1057, 35, 1, '4', 12, 12, '/usr/fusion/emoticons/numbers/4_12.gif', '/usr/fusion/emoticons/numbers/4_12.png');
INSERT INTO emoticonhotkey (id, emoticonid, type, hotkey) VALUES (1264, 1057, 1, '(n4)');
INSERT INTO emoticon (id, emoticonpackid, type, alias, width, height, location, locationpng) VALUES (1058, 35, 1, '4', 14, 14, '/usr/fusion/emoticons/numbers/4_14.gif', '/usr/fusion/emoticons/numbers/4_14.png');
INSERT INTO emoticonhotkey (id, emoticonid, type, hotkey) VALUES (1265, 1058, 1, '(n4)');
INSERT INTO emoticon (id, emoticonpackid, type, alias, width, height, location, locationpng) VALUES (1059, 35, 1, '4', 16, 16, '/usr/fusion/emoticons/numbers/4_16.gif', '/usr/fusion/emoticons/numbers/4_16.png');
INSERT INTO emoticonhotkey (id, emoticonid, type, hotkey) VALUES (1266, 1059, 1, '(n4)');
INSERT INTO emoticon (id, emoticonpackid, type, alias, width, height, location, locationpng) VALUES (1060, 35, 1, '5', 12, 12, '/usr/fusion/emoticons/numbers/5_12.gif', '/usr/fusion/emoticons/numbers/5_12.png');
INSERT INTO emoticonhotkey (id, emoticonid, type, hotkey) VALUES (1267, 1060, 1, '(n5)');
INSERT INTO emoticon (id, emoticonpackid, type, alias, width, height, location, locationpng) VALUES (1061, 35, 1, '5', 14, 14, '/usr/fusion/emoticons/numbers/5_14.gif', '/usr/fusion/emoticons/numbers/5_14.png');
INSERT INTO emoticonhotkey (id, emoticonid, type, hotkey) VALUES (1268, 1061, 1, '(n5)');
INSERT INTO emoticon (id, emoticonpackid, type, alias, width, height, location, locationpng) VALUES (1062, 35, 1, '5', 16, 16, '/usr/fusion/emoticons/numbers/5_16.gif', '/usr/fusion/emoticons/numbers/5_16.png');
INSERT INTO emoticonhotkey (id, emoticonid, type, hotkey) VALUES (1269, 1062, 1, '(n5)');
INSERT INTO emoticon (id, emoticonpackid, type, alias, width, height, location, locationpng) VALUES (1063, 35, 1, '6', 12, 12, '/usr/fusion/emoticons/numbers/6_12.gif', '/usr/fusion/emoticons/numbers/6_12.png');
INSERT INTO emoticonhotkey (id, emoticonid, type, hotkey) VALUES (1270, 1063, 1, '(n6)');
INSERT INTO emoticon (id, emoticonpackid, type, alias, width, height, location, locationpng) VALUES (1064, 35, 1, '6', 14, 14, '/usr/fusion/emoticons/numbers/6_14.gif', '/usr/fusion/emoticons/numbers/6_14.png');
INSERT INTO emoticonhotkey (id, emoticonid, type, hotkey) VALUES (1271, 1064, 1, '(n6)');
INSERT INTO emoticon (id, emoticonpackid, type, alias, width, height, location, locationpng) VALUES (1065, 35, 1, '6', 16, 16, '/usr/fusion/emoticons/numbers/6_16.gif', '/usr/fusion/emoticons/numbers/6_16.png');
INSERT INTO emoticonhotkey (id, emoticonid, type, hotkey) VALUES (1272, 1065, 1, '(n6)');
INSERT INTO emoticon (id, emoticonpackid, type, alias, width, height, location, locationpng) VALUES (1066, 35, 1, '7', 12, 12, '/usr/fusion/emoticons/numbers/7_12.gif', '/usr/fusion/emoticons/numbers/7_12.png');
INSERT INTO emoticonhotkey (id, emoticonid, type, hotkey) VALUES (1273, 1066, 1, '(n7)');
INSERT INTO emoticon (id, emoticonpackid, type, alias, width, height, location, locationpng) VALUES (1067, 35, 1, '7', 14, 14, '/usr/fusion/emoticons/numbers/7_14.gif', '/usr/fusion/emoticons/numbers/7_14.png');
INSERT INTO emoticonhotkey (id, emoticonid, type, hotkey) VALUES (1274, 1067, 1, '(n7)');
INSERT INTO emoticon (id, emoticonpackid, type, alias, width, height, location, locationpng) VALUES (1068, 35, 1, '7', 16, 16, '/usr/fusion/emoticons/numbers/7_16.gif', '/usr/fusion/emoticons/numbers/7_16.png');
INSERT INTO emoticonhotkey (id, emoticonid, type, hotkey) VALUES (1275, 1068, 1, '(n7)');
INSERT INTO emoticon (id, emoticonpackid, type, alias, width, height, location, locationpng) VALUES (1069, 35, 1, '8', 12, 12, '/usr/fusion/emoticons/numbers/8_12.gif', '/usr/fusion/emoticons/numbers/8_12.png');
INSERT INTO emoticonhotkey (id, emoticonid, type, hotkey) VALUES (1276, 1069, 1, '(n8)');
INSERT INTO emoticon (id, emoticonpackid, type, alias, width, height, location, locationpng) VALUES (1070, 35, 1, '8', 14, 14, '/usr/fusion/emoticons/numbers/8_14.gif', '/usr/fusion/emoticons/numbers/8_14.png');
INSERT INTO emoticonhotkey (id, emoticonid, type, hotkey) VALUES (1277, 1070, 1, '(n8)');
INSERT INTO emoticon (id, emoticonpackid, type, alias, width, height, location, locationpng) VALUES (1071, 35, 1, '8', 16, 16, '/usr/fusion/emoticons/numbers/8_16.gif', '/usr/fusion/emoticons/numbers/8_16.png');
INSERT INTO emoticonhotkey (id, emoticonid, type, hotkey) VALUES (1278, 1071, 1, '(n8)');
INSERT INTO emoticon (id, emoticonpackid, type, alias, width, height, location, locationpng) VALUES (1072, 35, 1, '9', 12, 12, '/usr/fusion/emoticons/numbers/9_12.gif', '/usr/fusion/emoticons/numbers/9_12.png');
INSERT INTO emoticonhotkey (id, emoticonid, type, hotkey) VALUES (1279, 1072, 1, '(n9)');
INSERT INTO emoticon (id, emoticonpackid, type, alias, width, height, location, locationpng) VALUES (1073, 35, 1, '9', 14, 14, '/usr/fusion/emoticons/numbers/9_14.gif', '/usr/fusion/emoticons/numbers/9_14.png');
INSERT INTO emoticonhotkey (id, emoticonid, type, hotkey) VALUES (1280, 1073, 1, '(n9)');
INSERT INTO emoticon (id, emoticonpackid, type, alias, width, height, location, locationpng) VALUES (1074, 35, 1, '9', 16, 16, '/usr/fusion/emoticons/numbers/9_16.gif', '/usr/fusion/emoticons/numbers/9_16.png');
INSERT INTO emoticonhotkey (id, emoticonid, type, hotkey) VALUES (1281, 1074, 1, '(n9)');

INSERT INTO emoticonpack (id, type, name, price, forsale, status) VALUES (36, 2, 'Dress Pack', 0.33, 0, 1);
INSERT INTO emoticon (id, emoticonpackid, type, alias, width, height, location, locationpng) VALUES (1075, 36, 1, 'Boot', 12, 12, '/usr/fusion/emoticons/dress/boot_12.gif', '/usr/fusion/emoticons/dress/boot_12.png');
INSERT INTO emoticonhotkey (id, emoticonid, type, hotkey) VALUES (1282, 1075, 1, '(d_boot)');
INSERT INTO emoticon (id, emoticonpackid, type, alias, width, height, location, locationpng) VALUES (1076, 36, 1, 'Boot', 14, 14, '/usr/fusion/emoticons/dress/boot_14.gif', '/usr/fusion/emoticons/dress/boot_14.png');
INSERT INTO emoticonhotkey (id, emoticonid, type, hotkey) VALUES (1283, 1076, 1, '(d_boot)');
INSERT INTO emoticon (id, emoticonpackid, type, alias, width, height, location, locationpng) VALUES (1077, 36, 1, 'Boot', 16, 16, '/usr/fusion/emoticons/dress/boot_16.gif', '/usr/fusion/emoticons/dress/boot_16.png');
INSERT INTO emoticonhotkey (id, emoticonid, type, hotkey) VALUES (1284, 1077, 1, '(d_boot)');
INSERT INTO emoticon (id, emoticonpackid, type, alias, width, height, location, locationpng) VALUES (1078, 36, 1, 'Clog', 12, 12, '/usr/fusion/emoticons/dress/clog_12.gif', '/usr/fusion/emoticons/dress/clog_12.png');
INSERT INTO emoticonhotkey (id, emoticonid, type, hotkey) VALUES (1285, 1078, 1, '(d_clog)');
INSERT INTO emoticon (id, emoticonpackid, type, alias, width, height, location, locationpng) VALUES (1079, 36, 1, 'Clog', 14, 14, '/usr/fusion/emoticons/dress/clog_14.gif', '/usr/fusion/emoticons/dress/clog_14.png');
INSERT INTO emoticonhotkey (id, emoticonid, type, hotkey) VALUES (1286, 1079, 1, '(d_clog)');
INSERT INTO emoticon (id, emoticonpackid, type, alias, width, height, location, locationpng) VALUES (1080, 36, 1, 'Clog', 16, 16, '/usr/fusion/emoticons/dress/clog_16.gif', '/usr/fusion/emoticons/dress/clog_16.png');
INSERT INTO emoticonhotkey (id, emoticonid, type, hotkey) VALUES (1287, 1080, 1, '(d_clog)');
INSERT INTO emoticon (id, emoticonpackid, type, alias, width, height, location, locationpng) VALUES (1081, 36, 1, 'Gown', 12, 12, '/usr/fusion/emoticons/dress/gown_12.gif', '/usr/fusion/emoticons/dress/gown_12.png');
INSERT INTO emoticonhotkey (id, emoticonid, type, hotkey) VALUES (1288, 1081, 1, '(d_gown)');
INSERT INTO emoticon (id, emoticonpackid, type, alias, width, height, location, locationpng) VALUES (1082, 36, 1, 'Gown', 14, 14, '/usr/fusion/emoticons/dress/gown_14.gif', '/usr/fusion/emoticons/dress/gown_14.png');
INSERT INTO emoticonhotkey (id, emoticonid, type, hotkey) VALUES (1289, 1082, 1, '(d_gown)');
INSERT INTO emoticon (id, emoticonpackid, type, alias, width, height, location, locationpng) VALUES (1083, 36, 1, 'Gown', 16, 16, '/usr/fusion/emoticons/dress/gown_16.gif', '/usr/fusion/emoticons/dress/gown_16.png');
INSERT INTO emoticonhotkey (id, emoticonid, type, hotkey) VALUES (1290, 1083, 1, '(d_gown)');
INSERT INTO emoticon (id, emoticonpackid, type, alias, width, height, location, locationpng) VALUES (1084, 36, 1, 'Hat', 12, 12, '/usr/fusion/emoticons/dress/hat_12.gif', '/usr/fusion/emoticons/dress/hat_12.png');
INSERT INTO emoticonhotkey (id, emoticonid, type, hotkey) VALUES (1291, 1084, 1, '(d_hat)');
INSERT INTO emoticon (id, emoticonpackid, type, alias, width, height, location, locationpng) VALUES (1085, 36, 1, 'Hat', 14, 14, '/usr/fusion/emoticons/dress/hat_14.gif', '/usr/fusion/emoticons/dress/hat_14.png');
INSERT INTO emoticonhotkey (id, emoticonid, type, hotkey) VALUES (1292, 1085, 1, '(d_hat)');
INSERT INTO emoticon (id, emoticonpackid, type, alias, width, height, location, locationpng) VALUES (1086, 36, 1, 'Hat', 16, 16, '/usr/fusion/emoticons/dress/hat_16.gif', '/usr/fusion/emoticons/dress/hat_16.png');
INSERT INTO emoticonhotkey (id, emoticonid, type, hotkey) VALUES (1293, 1086, 1, '(d_hat)');
INSERT INTO emoticon (id, emoticonpackid, type, alias, width, height, location, locationpng) VALUES (1087, 36, 1, 'High Heals', 12, 12, '/usr/fusion/emoticons/dress/high-heals_12.gif', '/usr/fusion/emoticons/dress/high-heals_12.png');
INSERT INTO emoticonhotkey (id, emoticonid, type, hotkey) VALUES (1294, 1087, 1, '(d_highheals)');
INSERT INTO emoticon (id, emoticonpackid, type, alias, width, height, location, locationpng) VALUES (1088, 36, 1, 'High Heals', 14, 14, '/usr/fusion/emoticons/dress/high-heals_14.gif', '/usr/fusion/emoticons/dress/high-heals_14.png');
INSERT INTO emoticonhotkey (id, emoticonid, type, hotkey) VALUES (1295, 1088, 1, '(d_highheals)');
INSERT INTO emoticon (id, emoticonpackid, type, alias, width, height, location, locationpng) VALUES (1089, 36, 1, 'High Heals', 16, 16, '/usr/fusion/emoticons/dress/high-heals_16.gif', '/usr/fusion/emoticons/dress/high-heals_16.png');
INSERT INTO emoticonhotkey (id, emoticonid, type, hotkey) VALUES (1296, 1089, 1, '(d_highheals)');
INSERT INTO emoticon (id, emoticonpackid, type, alias, width, height, location, locationpng) VALUES (1090, 36, 1, 'Sandal', 12, 12, '/usr/fusion/emoticons/dress/sandal_12.gif', '/usr/fusion/emoticons/dress/sandal_12.png');
INSERT INTO emoticonhotkey (id, emoticonid, type, hotkey) VALUES (1297, 1090, 1, '(d_sandal)');
INSERT INTO emoticon (id, emoticonpackid, type, alias, width, height, location, locationpng) VALUES (1091, 36, 1, 'Sandal', 14, 14, '/usr/fusion/emoticons/dress/sandal_14.gif', '/usr/fusion/emoticons/dress/sandal_14.png');
INSERT INTO emoticonhotkey (id, emoticonid, type, hotkey) VALUES (1298, 1091, 1, '(d_sandal)');
INSERT INTO emoticon (id, emoticonpackid, type, alias, width, height, location, locationpng) VALUES (1092, 36, 1, 'Sandal', 16, 16, '/usr/fusion/emoticons/dress/sandal_16.gif', '/usr/fusion/emoticons/dress/sandal_16.png');
INSERT INTO emoticonhotkey (id, emoticonid, type, hotkey) VALUES (1299, 1092, 1, '(d_sandal)');
INSERT INTO emoticon (id, emoticonpackid, type, alias, width, height, location, locationpng) VALUES (1093, 36, 1, 'Shirt', 12, 12, '/usr/fusion/emoticons/dress/shirt_12.gif', '/usr/fusion/emoticons/dress/shirt_12.png');
INSERT INTO emoticonhotkey (id, emoticonid, type, hotkey) VALUES (1300, 1093, 1, '(d_shirt)');
INSERT INTO emoticon (id, emoticonpackid, type, alias, width, height, location, locationpng) VALUES (1094, 36, 1, 'Shirt', 14, 14, '/usr/fusion/emoticons/dress/shirt_14.gif', '/usr/fusion/emoticons/dress/shirt_14.png');
INSERT INTO emoticonhotkey (id, emoticonid, type, hotkey) VALUES (1301, 1094, 1, '(d_shirt)');
INSERT INTO emoticon (id, emoticonpackid, type, alias, width, height, location, locationpng) VALUES (1095, 36, 1, 'Shirt', 16, 16, '/usr/fusion/emoticons/dress/shirt_16.gif', '/usr/fusion/emoticons/dress/shirt_16.png');
INSERT INTO emoticonhotkey (id, emoticonid, type, hotkey) VALUES (1302, 1095, 1, '(d_shirt)');
INSERT INTO emoticon (id, emoticonpackid, type, alias, width, height, location, locationpng) VALUES (1096, 36, 1, 'Uniform', 12, 12, '/usr/fusion/emoticons/dress/uniform_12.gif', '/usr/fusion/emoticons/dress/uniform_12.png');
INSERT INTO emoticonhotkey (id, emoticonid, type, hotkey) VALUES (1303, 1096, 1, '(d_uniform)');
INSERT INTO emoticon (id, emoticonpackid, type, alias, width, height, location, locationpng) VALUES (1097, 36, 1, 'Uniform', 14, 14, '/usr/fusion/emoticons/dress/uniform_14.gif', '/usr/fusion/emoticons/dress/uniform_14.png');
INSERT INTO emoticonhotkey (id, emoticonid, type, hotkey) VALUES (1304, 1097, 1, '(d_uniform)');
INSERT INTO emoticon (id, emoticonpackid, type, alias, width, height, location, locationpng) VALUES (1098, 36, 1, 'Uniform', 16, 16, '/usr/fusion/emoticons/dress/uniform_16.gif', '/usr/fusion/emoticons/dress/uniform_16.png');
INSERT INTO emoticonhotkey (id, emoticonid, type, hotkey) VALUES (1305, 1098, 1, '(d_uniform)');

INSERT INTO emoticonpack (id, type, name, price, forsale, status) VALUES (37, 2, 'Xmas 2009 Pack', 0.27, 0, 1);
INSERT INTO emoticon (id, emoticonpackid, type, alias, width, height, location, locationpng) VALUES (1099, 37, 1, 'Ginger Cookie', 12, 12, '/usr/fusion/emoticons/xmas2009/ginger-cookie_12.gif', '/usr/fusion/emoticons/xmas2009/ginger-cookie_12.png');
INSERT INTO emoticonhotkey (id, emoticonid, type, hotkey) VALUES (1306, 1099, 1, '(xmas09_cookie)');
INSERT INTO emoticon (id, emoticonpackid, type, alias, width, height, location, locationpng) VALUES (1100, 37, 1, 'Ginger Cookie', 14, 14, '/usr/fusion/emoticons/xmas2009/ginger-cookie_14.gif', '/usr/fusion/emoticons/xmas2009/ginger-cookie_14.png');
INSERT INTO emoticonhotkey (id, emoticonid, type, hotkey) VALUES (1307, 1100, 1, '(xmas09_cookie)');
INSERT INTO emoticon (id, emoticonpackid, type, alias, width, height, location, locationpng) VALUES (1101, 37, 1, 'Ginger Cookie', 16, 16, '/usr/fusion/emoticons/xmas2009/ginger-cookie_16.gif', '/usr/fusion/emoticons/xmas2009/ginger-cookie_16.png');
INSERT INTO emoticonhotkey (id, emoticonid, type, hotkey) VALUES (1308, 1101, 1, '(xmas09_cookie)');
INSERT INTO emoticon (id, emoticonpackid, type, alias, width, height, location, locationpng) VALUES (1102, 37, 1, 'Red Star', 12, 12, '/usr/fusion/emoticons/xmas2009/clog_12.gif', '/usr/fusion/emoticons/xmas2009/clog_12.png');
INSERT INTO emoticonhotkey (id, emoticonid, type, hotkey) VALUES (1309, 1102, 1, '(xmas09_redstar)');
INSERT INTO emoticon (id, emoticonpackid, type, alias, width, height, location, locationpng) VALUES (1103, 37, 1, 'Red Star', 14, 14, '/usr/fusion/emoticons/xmas2009/clog_14.gif', '/usr/fusion/emoticons/xmas2009/clog_14.png');
INSERT INTO emoticonhotkey (id, emoticonid, type, hotkey) VALUES (1310, 1103, 1, '(xmas09_redstar)');
INSERT INTO emoticon (id, emoticonpackid, type, alias, width, height, location, locationpng) VALUES (1104, 37, 1, 'Red Star', 16, 16, '/usr/fusion/emoticons/xmas2009/clog_16.gif', '/usr/fusion/emoticons/xmas2009/clog_16.png');
INSERT INTO emoticonhotkey (id, emoticonid, type, hotkey) VALUES (1311, 1104, 1, '(xmas09_redstar)');
INSERT INTO emoticon (id, emoticonpackid, type, alias, width, height, location, locationpng) VALUES (1105, 37, 1, 'Rudolph', 12, 12, '/usr/fusion/emoticons/xmas2009/rudolph-deer_12.gif', '/usr/fusion/emoticons/xmas2009/rudolph-deer_12.png');
INSERT INTO emoticonhotkey (id, emoticonid, type, hotkey) VALUES (1312, 1105, 1, '(xmas09_rudolph)');
INSERT INTO emoticon (id, emoticonpackid, type, alias, width, height, location, locationpng) VALUES (1106, 37, 1, 'Rudolph', 14, 14, '/usr/fusion/emoticons/xmas2009/rudolph-deer_14.gif', '/usr/fusion/emoticons/xmas2009/rudolph-deer_14.png');
INSERT INTO emoticonhotkey (id, emoticonid, type, hotkey) VALUES (1313, 1106, 1, '(xmas09_rudolph)');
INSERT INTO emoticon (id, emoticonpackid, type, alias, width, height, location, locationpng) VALUES (1107, 37, 1, 'Rudolph', 16, 16, '/usr/fusion/emoticons/xmas2009/rudolph-deer_16.gif', '/usr/fusion/emoticons/xmas2009/rudolph-deer_16.png');
INSERT INTO emoticonhotkey (id, emoticonid, type, hotkey) VALUES (1314, 1107, 1, '(xmas09_rudolph)');
INSERT INTO emoticon (id, emoticonpackid, type, alias, width, height, location, locationpng) VALUES (1108, 37, 1, 'Snowman', 12, 12, '/usr/fusion/emoticons/xmas2009/snowman_12.gif', '/usr/fusion/emoticons/xmas2009/snowman_12.png');
INSERT INTO emoticonhotkey (id, emoticonid, type, hotkey) VALUES (1315, 1108, 1, '(xmas09_snowman)');
INSERT INTO emoticon (id, emoticonpackid, type, alias, width, height, location, locationpng) VALUES (1109, 37, 1, 'Snowman', 14, 14, '/usr/fusion/emoticons/xmas2009/snowman_14.gif', '/usr/fusion/emoticons/xmas2009/snowman_14.png');
INSERT INTO emoticonhotkey (id, emoticonid, type, hotkey) VALUES (1316, 1109, 1, '(xmas09_snowman)');
INSERT INTO emoticon (id, emoticonpackid, type, alias, width, height, location, locationpng) VALUES (1110, 37, 1, 'Snowman', 16, 16, '/usr/fusion/emoticons/xmas2009/snowman_16.gif', '/usr/fusion/emoticons/xmas2009/snowman_16.png');
INSERT INTO emoticonhotkey (id, emoticonid, type, hotkey) VALUES (1317, 1110, 1, '(xmas09_snowman)');
INSERT INTO emoticon (id, emoticonpackid, type, alias, width, height, location, locationpng) VALUES (1111, 37, 1, 'Xmas Candle', 12, 12, '/usr/fusion/emoticons/xmas2009/xmas-candle_12.gif', '/usr/fusion/emoticons/xmas2009/xmas-candle_12.png');
INSERT INTO emoticonhotkey (id, emoticonid, type, hotkey) VALUES (1318, 1111, 1, '(xmas09_candle)');
INSERT INTO emoticon (id, emoticonpackid, type, alias, width, height, location, locationpng) VALUES (1112, 37, 1, 'Xmas Candle', 14, 14, '/usr/fusion/emoticons/xmas2009/xmas-candle_14.gif', '/usr/fusion/emoticons/xmas2009/xmas-candle_14.png');
INSERT INTO emoticonhotkey (id, emoticonid, type, hotkey) VALUES (1319, 1112, 1, '(xmas09_candle)');
INSERT INTO emoticon (id, emoticonpackid, type, alias, width, height, location, locationpng) VALUES (1113, 37, 1, 'Xmas Candle', 16, 16, '/usr/fusion/emoticons/xmas2009/xmas-candle_16.gif', '/usr/fusion/emoticons/xmas2009/xmas-candle_16.png');
INSERT INTO emoticonhotkey (id, emoticonid, type, hotkey) VALUES (1320, 1113, 1, '(xmas09_candle)');
INSERT INTO emoticon (id, emoticonpackid, type, alias, width, height, location, locationpng) VALUES (1114, 37, 1, 'Xmas Hat', 12, 12, '/usr/fusion/emoticons/xmas2009/xmas-hat_12.gif', '/usr/fusion/emoticons/xmas2009/xmas-hat_12.png');
INSERT INTO emoticonhotkey (id, emoticonid, type, hotkey) VALUES (1321, 1114, 1, '(xmas09_hat)');
INSERT INTO emoticon (id, emoticonpackid, type, alias, width, height, location, locationpng) VALUES (1115, 37, 1, 'Xmas Hat', 14, 14, '/usr/fusion/emoticons/xmas2009/xmas-hat_14.gif', '/usr/fusion/emoticons/xmas2009/xmas-hat_14.png');
INSERT INTO emoticonhotkey (id, emoticonid, type, hotkey) VALUES (1322, 1115, 1, '(xmas09_hat)');
INSERT INTO emoticon (id, emoticonpackid, type, alias, width, height, location, locationpng) VALUES (1116, 37, 1, 'Xmas Hat', 16, 16, '/usr/fusion/emoticons/xmas2009/xmas-hat_16.gif', '/usr/fusion/emoticons/xmas2009/xmas-hat_16.png');
INSERT INTO emoticonhotkey (id, emoticonid, type, hotkey) VALUES (1323, 1116, 1, '(xmas09_hat)');
INSERT INTO emoticon (id, emoticonpackid, type, alias, width, height, location, locationpng) VALUES (1117, 37, 1, 'Xmas Home', 12, 12, '/usr/fusion/emoticons/xmas2009/xmas-home_12.gif', '/usr/fusion/emoticons/xmas2009/xmas-home_12.png');
INSERT INTO emoticonhotkey (id, emoticonid, type, hotkey) VALUES (1324, 1117, 1, '(xmas09_home)');
INSERT INTO emoticon (id, emoticonpackid, type, alias, width, height, location, locationpng) VALUES (1118, 37, 1, 'Xmas Home', 14, 14, '/usr/fusion/emoticons/xmas2009/xmas-home_14.gif', '/usr/fusion/emoticons/xmas2009/xmas-home_14.png');
INSERT INTO emoticonhotkey (id, emoticonid, type, hotkey) VALUES (1325, 1118, 1, '(xmas09_home)');
INSERT INTO emoticon (id, emoticonpackid, type, alias, width, height, location, locationpng) VALUES (1119, 37, 1, 'Xmas Home', 16, 16, '/usr/fusion/emoticons/xmas2009/xmas-home_16.gif', '/usr/fusion/emoticons/xmas2009/xmas-home_16.png');
INSERT INTO emoticonhotkey (id, emoticonid, type, hotkey) VALUES (1326, 1119, 1, '(xmas09_home)');
INSERT INTO emoticon (id, emoticonpackid, type, alias, width, height, location, locationpng) VALUES (1120, 37, 1, 'Xmas Sock', 12, 12, '/usr/fusion/emoticons/xmas2009/xmas-sock_12.gif', '/usr/fusion/emoticons/xmas2009/xmas-sock_12.png');
INSERT INTO emoticonhotkey (id, emoticonid, type, hotkey) VALUES (1327, 1120, 1, '(xmas09_sock)');
INSERT INTO emoticon (id, emoticonpackid, type, alias, width, height, location, locationpng) VALUES (1121, 37, 1, 'Xmas Sock', 14, 14, '/usr/fusion/emoticons/xmas2009/xmas-sock_14.gif', '/usr/fusion/emoticons/xmas2009/xmas-sock_14.png');
INSERT INTO emoticonhotkey (id, emoticonid, type, hotkey) VALUES (1328, 1121, 1, '(xmas09_sock)');
INSERT INTO emoticon (id, emoticonpackid, type, alias, width, height, location, locationpng) VALUES (1122, 37, 1, 'Xmas Sock', 16, 16, '/usr/fusion/emoticons/xmas2009/xmas-sock_16.gif', '/usr/fusion/emoticons/xmas2009/xmas-sock_16.png');
INSERT INTO emoticonhotkey (id, emoticonid, type, hotkey) VALUES (1329, 1122, 1, '(xmas09_sock)');
INSERT INTO emoticon (id, emoticonpackid, type, alias, width, height, location, locationpng) VALUES (1123, 37, 1, 'Xmas Tree', 12, 12, '/usr/fusion/emoticons/xmas2009/xmas-tree_12.gif', '/usr/fusion/emoticons/xmas2009/xmas-tree_12.png');
INSERT INTO emoticonhotkey (id, emoticonid, type, hotkey) VALUES (1330, 1123, 1, '(xmas09_tree)');
INSERT INTO emoticon (id, emoticonpackid, type, alias, width, height, location, locationpng) VALUES (1124, 37, 1, 'Xmas Tree', 14, 14, '/usr/fusion/emoticons/xmas2009/xmas-tree_14.gif', '/usr/fusion/emoticons/xmas2009/xmas-tree_14.png');
INSERT INTO emoticonhotkey (id, emoticonid, type, hotkey) VALUES (1331, 1124, 1, '(xmas09_tree)');
INSERT INTO emoticon (id, emoticonpackid, type, alias, width, height, location, locationpng) VALUES (1125, 37, 1, 'Xmas Tree', 16, 16, '/usr/fusion/emoticons/xmas2009/xmas-tree_16.gif', '/usr/fusion/emoticons/xmas2009/xmas-tree_16.png');
INSERT INTO emoticonhotkey (id, emoticonid, type, hotkey) VALUES (1332, 1125, 1, '(xmas09_tree)');
INSERT INTO emoticon (id, emoticonpackid, type, alias, width, height, location, locationpng) VALUES (1126, 37, 1, 'Xmas Wreath', 12, 12, '/usr/fusion/emoticons/xmas2009/xmas-wreathes_12.gif', '/usr/fusion/emoticons/xmas2009/xmas-wreathes_12.png');
INSERT INTO emoticonhotkey (id, emoticonid, type, hotkey) VALUES (1333, 1126, 1, '(xmas09_wreath)');
INSERT INTO emoticon (id, emoticonpackid, type, alias, width, height, location, locationpng) VALUES (1127, 37, 1, 'Xmas Wreath', 14, 14, '/usr/fusion/emoticons/xmas2009/xmas-wreathes_14.gif', '/usr/fusion/emoticons/xmas2009/xmas-wreathes_14.png');
INSERT INTO emoticonhotkey (id, emoticonid, type, hotkey) VALUES (1334, 1127, 1, '(xmas09_wreath)');
INSERT INTO emoticon (id, emoticonpackid, type, alias, width, height, location, locationpng) VALUES (1128, 37, 1, 'Xmas Wreath', 16, 16, '/usr/fusion/emoticons/xmas2009/xmas-wreathes_16.gif', '/usr/fusion/emoticons/xmas2009/xmas-wreathes_16.png');
INSERT INTO emoticonhotkey (id, emoticonid, type, hotkey) VALUES (1335, 1128, 1, '(xmas09_wreath)');

INSERT INTO emoticonpack (id, type, name, price, forsale, status) VALUES (38, 2, 'NY 2010 Pack', 0.27, 0, 1);
INSERT INTO emoticon (id, emoticonpackid, type, alias, width, height, location, locationpng) VALUES (1129, 38, 1, '2010', 12, 12, '/usr/fusion/emoticons/ny2010/ny-2010_12.gif', '/usr/fusion/emoticons/ny2010/ny-2010_12.png');
INSERT INTO emoticonhotkey (id, emoticonid, type, hotkey) VALUES (1336, 1129, 1, '(ny2010_2010)');
INSERT INTO emoticon (id, emoticonpackid, type, alias, width, height, location, locationpng) VALUES (1130, 38, 1, '2010', 14, 14, '/usr/fusion/emoticons/ny2010/ny-2010_14.gif', '/usr/fusion/emoticons/ny2010/ny-2010_14.png');
INSERT INTO emoticonhotkey (id, emoticonid, type, hotkey) VALUES (1337, 1130, 1, '(ny2010_2010)');
INSERT INTO emoticon (id, emoticonpackid, type, alias, width, height, location, locationpng) VALUES (1131, 38, 1, '2010', 16, 16, '/usr/fusion/emoticons/ny2010/ny-2010_16.gif', '/usr/fusion/emoticons/ny2010/ny-2010_16.png');
INSERT INTO emoticonhotkey (id, emoticonid, type, hotkey) VALUES (1338, 1131, 1, '(ny2010_2010)');
INSERT INTO emoticon (id, emoticonpackid, type, alias, width, height, location, locationpng) VALUES (1132, 38, 1, '2010 Ball', 12, 12, '/usr/fusion/emoticons/ny2010/ny-ball_12.gif', '/usr/fusion/emoticons/ny2010/ny-ball_12.png');
INSERT INTO emoticonhotkey (id, emoticonid, type, hotkey) VALUES (1339, 1132, 1, '(ny2010_ball)');
INSERT INTO emoticon (id, emoticonpackid, type, alias, width, height, location, locationpng) VALUES (1133, 38, 1, '2010 Ball', 14, 14, '/usr/fusion/emoticons/ny2010/ny-ball_14.gif', '/usr/fusion/emoticons/ny2010/ny-ball_14.png');
INSERT INTO emoticonhotkey (id, emoticonid, type, hotkey) VALUES (1340, 1133, 1, '(ny2010_ball)');
INSERT INTO emoticon (id, emoticonpackid, type, alias, width, height, location, locationpng) VALUES (1134, 38, 1, '2010 Ball', 16, 16, '/usr/fusion/emoticons/ny2010/ny-ball_16.gif', '/usr/fusion/emoticons/ny2010/ny-ball_16.png');
INSERT INTO emoticonhotkey (id, emoticonid, type, hotkey) VALUES (1341, 1134, 1, '(ny2010_ball)');
INSERT INTO emoticon (id, emoticonpackid, type, alias, width, height, location, locationpng) VALUES (1135, 38, 1, '2010 Band', 12, 12, '/usr/fusion/emoticons/ny2010/ny-band_12.gif', '/usr/fusion/emoticons/ny2010/ny-band_12.png');
INSERT INTO emoticonhotkey (id, emoticonid, type, hotkey) VALUES (1342, 1135, 1, '(ny2010_band)');
INSERT INTO emoticon (id, emoticonpackid, type, alias, width, height, location, locationpng) VALUES (1136, 38, 1, '2010 Band', 14, 14, '/usr/fusion/emoticons/ny2010/ny-band_14.gif', '/usr/fusion/emoticons/ny2010/ny-band_14.png');
INSERT INTO emoticonhotkey (id, emoticonid, type, hotkey) VALUES (1343, 1136, 1, '(ny2010_band)');
INSERT INTO emoticon (id, emoticonpackid, type, alias, width, height, location, locationpng) VALUES (1137, 38, 1, '2010 Band', 16, 16, '/usr/fusion/emoticons/ny2010/ny-band_16.gif', '/usr/fusion/emoticons/ny2010/ny-band_16.png');
INSERT INTO emoticonhotkey (id, emoticonid, type, hotkey) VALUES (1344, 1137, 1, '(ny2010_band)');
INSERT INTO emoticon (id, emoticonpackid, type, alias, width, height, location, locationpng) VALUES (1138, 38, 1, '2010 Calendar', 12, 12, '/usr/fusion/emoticons/ny2010/ny-calendar_12.gif', '/usr/fusion/emoticons/ny2010/ny-calendar_12.png');
INSERT INTO emoticonhotkey (id, emoticonid, type, hotkey) VALUES (1345, 1138, 1, '(ny2010_calendar)');
INSERT INTO emoticon (id, emoticonpackid, type, alias, width, height, location, locationpng) VALUES (1139, 38, 1, '2010 Calendar', 14, 14, '/usr/fusion/emoticons/ny2010/ny-calendar_14.gif', '/usr/fusion/emoticons/ny2010/ny-calendar_14.png');
INSERT INTO emoticonhotkey (id, emoticonid, type, hotkey) VALUES (1346, 1139, 1, '(ny2010_calendar)');
INSERT INTO emoticon (id, emoticonpackid, type, alias, width, height, location, locationpng) VALUES (1140, 38, 1, '2010 Calendar', 16, 16, '/usr/fusion/emoticons/ny2010/ny-calendar_16.gif', '/usr/fusion/emoticons/ny2010/ny-calendar_16.png');
INSERT INTO emoticonhotkey (id, emoticonid, type, hotkey) VALUES (1347, 1140, 1, '(ny2010_calendar)');
INSERT INTO emoticon (id, emoticonpackid, type, alias, width, height, location, locationpng) VALUES (1141, 38, 1, '2010 Cheers', 12, 12, '/usr/fusion/emoticons/ny2010/ny-cheers_12.gif', '/usr/fusion/emoticons/ny2010/ny-cheers_12.png');
INSERT INTO emoticonhotkey (id, emoticonid, type, hotkey) VALUES (1348, 1141, 1, '(ny2010_cheers)');
INSERT INTO emoticon (id, emoticonpackid, type, alias, width, height, location, locationpng) VALUES (1142, 38, 1, '2010 Cheers', 14, 14, '/usr/fusion/emoticons/ny2010/ny-cheers_14.gif', '/usr/fusion/emoticons/ny2010/ny-cheers_14.png');
INSERT INTO emoticonhotkey (id, emoticonid, type, hotkey) VALUES (1349, 1142, 1, '(ny2010_cheers)');
INSERT INTO emoticon (id, emoticonpackid, type, alias, width, height, location, locationpng) VALUES (1143, 38, 1, '2010 Cheers', 16, 16, '/usr/fusion/emoticons/ny2010/ny-cheers_16.gif', '/usr/fusion/emoticons/ny2010/ny-cheers_16.png');
INSERT INTO emoticonhotkey (id, emoticonid, type, hotkey) VALUES (1350, 1143, 1, '(ny2010_cheers)');
INSERT INTO emoticon (id, emoticonpackid, type, alias, width, height, location, locationpng) VALUES (1144, 38, 1, '2010 Countdown', 12, 12, '/usr/fusion/emoticons/ny2010/ny-countdown_12.gif', '/usr/fusion/emoticons/ny2010/ny-countdown_12.png');
INSERT INTO emoticonhotkey (id, emoticonid, type, hotkey) VALUES (1351, 1144, 1, '(ny2010_countdown)');
INSERT INTO emoticon (id, emoticonpackid, type, alias, width, height, location, locationpng) VALUES (1145, 38, 1, '2010 Countdown', 14, 14, '/usr/fusion/emoticons/ny2010/ny-countdown_14.gif', '/usr/fusion/emoticons/ny2010/ny-countdown_14.png');
INSERT INTO emoticonhotkey (id, emoticonid, type, hotkey) VALUES (1352, 1145, 1, '(ny2010_countdown)');
INSERT INTO emoticon (id, emoticonpackid, type, alias, width, height, location, locationpng) VALUES (1146, 38, 1, '2010 Countdown', 16, 16, '/usr/fusion/emoticons/ny2010/ny-countdown_16.gif', '/usr/fusion/emoticons/ny2010/ny-countdown_16.png');
INSERT INTO emoticonhotkey (id, emoticonid, type, hotkey) VALUES (1353, 1146, 1, '(ny2010_countdown)');
INSERT INTO emoticon (id, emoticonpackid, type, alias, width, height, location, locationpng) VALUES (1147, 38, 1, '2010 Firework', 12, 12, '/usr/fusion/emoticons/ny2010/ny-fireword_12.gif', '/usr/fusion/emoticons/ny2010/ny-fireword_12.png');
INSERT INTO emoticonhotkey (id, emoticonid, type, hotkey) VALUES (1354, 1147, 1, '(ny2010_firework)');
INSERT INTO emoticon (id, emoticonpackid, type, alias, width, height, location, locationpng) VALUES (1148, 38, 1, '2010 Firework', 14, 14, '/usr/fusion/emoticons/ny2010/ny-fireword_14.gif', '/usr/fusion/emoticons/ny2010/ny-fireword_14.png');
INSERT INTO emoticonhotkey (id, emoticonid, type, hotkey) VALUES (1355, 1148, 1, '(ny2010_firework)');
INSERT INTO emoticon (id, emoticonpackid, type, alias, width, height, location, locationpng) VALUES (1149, 38, 1, '2010 Firework', 16, 16, '/usr/fusion/emoticons/ny2010/ny-fireword_16.gif', '/usr/fusion/emoticons/ny2010/ny-fireword_16.png');
INSERT INTO emoticonhotkey (id, emoticonid, type, hotkey) VALUES (1356, 1149, 1, '(ny2010_firework)');
INSERT INTO emoticon (id, emoticonpackid, type, alias, width, height, location, locationpng) VALUES (1150, 38, 1, '2010 Whistle', 12, 12, '/usr/fusion/emoticons/ny2010/ny-whistle_12.gif', '/usr/fusion/emoticons/ny2010/ny-whistle_12.png');
INSERT INTO emoticonhotkey (id, emoticonid, type, hotkey) VALUES (1357, 1150, 1, '(ny2010_whistle)');
INSERT INTO emoticon (id, emoticonpackid, type, alias, width, height, location, locationpng) VALUES (1151, 38, 1, '2010 Whistle', 14, 14, '/usr/fusion/emoticons/ny2010/ny-whistle_14.gif', '/usr/fusion/emoticons/ny2010/ny-whistle_14.png');
INSERT INTO emoticonhotkey (id, emoticonid, type, hotkey) VALUES (1358, 1151, 1, '(ny2010_whistle)');
INSERT INTO emoticon (id, emoticonpackid, type, alias, width, height, location, locationpng) VALUES (1152, 38, 1, '2010 Whistle', 16, 16, '/usr/fusion/emoticons/ny2010/ny-whistle_16.gif', '/usr/fusion/emoticons/ny2010/ny-whistle_16.png');
INSERT INTO emoticonhotkey (id, emoticonid, type, hotkey) VALUES (1359, 1152, 1, '(ny2010_whistle)');

