/*
SQLyog Community Edition- MySQL GUI v8.2 
MySQL - 5.0.45-log : Database - fusion
*********************************************************************
*/


/*!40101 SET NAMES utf8 */;

/*!40101 SET SQL_MODE=''*/;

/*!40014 SET @OLD_UNIQUE_CHECKS=@@UNIQUE_CHECKS, UNIQUE_CHECKS=0 */;
/*!40014 SET @OLD_FOREIGN_KEY_CHECKS=@@FOREIGN_KEY_CHECKS, FOREIGN_KEY_CHECKS=0 */;
/*!40101 SET @OLD_SQL_MODE=@@SQL_MODE, SQL_MODE='NO_AUTO_VALUE_ON_ZERO' */;
/*!40111 SET @OLD_SQL_NOTES=@@SQL_NOTES, SQL_NOTES=0 */;
/*Table structure for table `storecategory` */

DROP TABLE IF EXISTS `storecategory`;

CREATE TABLE `storecategory` (
  `ID` int(11) NOT NULL auto_increment,
  `Name` varchar(128) NOT NULL,
  `ParentStoreCategoryID` int(11) default NULL,
  `SortOrder` int(11) default '0',
  PRIMARY KEY  (`ID`),
  KEY `FK_storecategory` (`ParentStoreCategoryID`)
) ENGINE=InnoDB AUTO_INCREMENT=33 DEFAULT CHARSET=utf8;

/*Data for the table `storecategory` */

insert  into `storecategory`(`ID`,`Name`,`ParentStoreCategoryID`,`SortOrder`) values (1,'Virtual Gift',NULL,0),(2,'Avatar',NULL,0),(3,'Emoticon Pack',NULL,0),(4,'Super Emoticon Pack',NULL,0),(5,'Theme',NULL,0),(6,'Love',1,0),(7,'Holiday',1,0),(8,'Food',1,0),(9,'Fun',1,0),(10,'Sport',1,0),(11,'Cute',1,0),(12,'World Fun',1,0),(13,'Exclusive',1,0),(14,'Music',1,0),(15,'Gadgets',1,0),(16,'Animals',1,0),(17,'Friendship',1,0),(18,'Love',3,0),(19,'Holiday',3,0),(20,'Food',3,0),(21,'Fun',3,0),(22,'Sport',3,0),(23,'Exclusive',3,0),(24,'Music',3,0),(25,'Animals',3,0),(26,'Fun',4,0),(27,'Exclusive',5,0),(28,'Holidays',5,0),(29,'Fun',5,0),(30,'Sports',5,0),(31,'Love',5,0),(32,'Background',2,0);

/*Table structure for table `storeitem` */

DROP TABLE IF EXISTS `storeitem`;

CREATE TABLE `storeitem` (
  `ID` int(11) NOT NULL auto_increment,
  `Type` int(11) NOT NULL,
  `ReferenceID` int(11) default NULL,
  `Name` varchar(100) NOT NULL,
  `Description` varchar(2000) default NULL,
  `Price` double NOT NULL default '0',
  `Currency` varchar(128) NOT NULL,
  `Status` int(11) default '1',
  `NumAvailable` int(11) default NULL,
  `NumSold` int(11) NOT NULL default '0',
  `Featured` int(11) NOT NULL default '0',
  `CatalogImage` varchar(2000) NOT NULL,
  `PreviewImage` varchar(2000) NOT NULL,
  `ForSale` int(11) default '1',
  `SortOrder` int(11) default '0',
  `ExpiryDate` datetime default NULL,
  `DateListed` datetime NOT NULL default '0000-00-00 00:00:00',
  `migLevelMin` int(11) default '1',
  PRIMARY KEY  (`ID`)
) ENGINE=InnoDB AUTO_INCREMENT=506 DEFAULT CHARSET=utf8;

ALTER TABLE storeitem ADD COLUMN `GroupID` INT(11) DEFAULT NULL;
ALTER TABLE storeitem ADD CONSTRAINT FK_storeitem_groupid FOREIGN KEY (GroupID) REFERENCES Groups (`ID`);

/*Data for the table `storeitem` */

insert  into `storeitem`(`ID`,`Type`,`ReferenceID`,`Name`,`Description`,`Price`,`Currency`,`Status`,`NumAvailable`,`NumSold`,`Featured`,`CatalogImage`,`PreviewImage`,`ForSale`,`SortOrder`,`ExpiryDate`,`DateListed`,`migLevelMin`) values (1,1,1,'Fortune Cookie','Fortune Cookie',0.03,'USD',0,NULL,5509,0,'fortune-cookie','fortune-cookie',1,0,NULL,'2010-02-11 06:52:40',1),(2,1,2,'Big Kiss','Big Kiss',0.05,'USD',1,NULL,689002,1,'big-kiss','big-kiss',1,0,NULL,'2010-02-11 06:52:40',1),(3,1,3,'Hug','Hug',0.05,'USD',1,NULL,859873,0,'hug','hug',1,0,NULL,'2010-02-11 06:52:40',1),(4,1,4,'Flower','Flower',0.05,'USD',1,NULL,352037,0,'flower','flower',1,0,NULL,'2010-02-11 06:52:40',1),(5,1,5,'Cake','Birthday Cake',0.1,'USD',1,NULL,54323,1,'cake','cake',1,50,NULL,'2010-02-11 06:52:40',1),(6,1,6,'Cocktail','Cocktail',0.1,'USD',1,NULL,45292,0,'cocktail','cocktail',1,0,NULL,'2010-02-11 06:52:40',1),(7,1,7,'Love Heart','Love Heart',0.25,'USD',1,NULL,77039,0,'heart','heart',1,0,NULL,'2010-02-11 06:52:40',1),(8,1,8,'Ice Cream','Ice Cream',0.05,'USD',1,NULL,211116,0,'icecream','icecream',1,0,NULL,'2010-02-11 06:52:40',1),(9,1,9,'Champagne Toast','Champagne Toast',0.15,'USD',1,NULL,29007,0,'champagne-toast','champagne-toast',1,0,NULL,'2010-02-11 06:52:40',1),(10,1,10,'Teddy Bear','Teddy Bear',0.75,'USD',1,NULL,24154,0,'teddy-bear','teddy-bear',1,0,NULL,'2010-02-11 06:52:40',1),(11,1,11,'Precious Diamond','Precious Diamond',2,'USD',1,NULL,33511,0,'diamond','diamond',1,0,NULL,'2010-02-11 06:52:40',1),(12,1,12,'Prosperity','Prosperity',1,'USD',0,NULL,9,1,'prosperity','prosperity',1,0,NULL,'2010-02-11 06:52:40',1),(13,1,13,'Red Packet','Red Packet',0.1,'USD',0,NULL,66,0,'red-packet','red-packet',1,0,NULL,'2010-02-11 06:52:40',1),(14,1,14,'Red Packet Design','Red Packet Design',0.5,'USD',0,NULL,6,1,'red-packet-design','red-packet-design',1,0,NULL,'2010-02-11 06:52:40',1),(15,1,15,'Red Packet Coins','Red Packet Coins',2,'USD',0,NULL,3,0,'red-packet-coins','red-packet-coins',1,0,NULL,'2010-02-11 06:52:40',1),(16,1,16,'Firecracker','Firecracker',0,'USD',0,NULL,28248,0,'firecrackers','firecrackers',0,0,NULL,'2010-02-11 06:52:40',1),(17,1,17,'Orange','Orange',0.05,'USD',0,NULL,542,0,'orange','orange',1,0,NULL,'2010-02-11 06:52:40',1),(18,1,18,'Valentine\'s Day Card','Valentine\'s Day Card',0.05,'USD',0,NULL,7197,0,'valentine-day-card','valentine-day-card',1,0,NULL,'2010-02-11 06:52:40',1),(19,1,19,'Rose','Rose',0.07,'USD',1,NULL,230643,1,'rose','rose',1,0,NULL,'2010-02-11 06:52:40',1),(20,1,20,'Cupcake','Cupcake',0.05,'USD',1,NULL,104630,0,'cupcake','cupcake',1,0,NULL,'2010-02-11 06:52:40',1),(21,1,21,'Naughty Devil','Naughty Devil',0.1,'USD',0,NULL,670,0,'devilheart','devilheart',1,0,NULL,'2010-02-11 06:52:40',1),(22,1,22,'Chocolate Heart','Chocolate Heart',0.1,'USD',0,NULL,1507,0,'heart-chocolate','heart-chocolate',1,0,NULL,'2010-02-11 06:52:40',1),(23,1,23,'Hershey\'s Chocolate Kiss','Hershey\'s Chocolate Kiss',0.1,'USD',0,NULL,303,0,'hersheyskiss','hersheyskiss',1,0,NULL,'2010-02-11 06:52:40',1),(24,1,24,'Cuddly Bear','Cuddly Bear',0.75,'USD',0,NULL,270,0,'cuddly-bear','cuddly-bear',1,0,NULL,'2010-02-11 06:52:40',1),(25,1,25,'Sexy Lingerie','Sexy Lingerie',0.3,'USD',0,NULL,280,1,'lingerie','lingerie',1,0,NULL,'2010-02-11 06:52:40',1),(26,1,26,'Magic Love Potion','Magic Love Potion',0.1,'USD',0,NULL,166,0,'champagne-glass','champagne-glass',1,0,NULL,'2010-02-11 06:52:40',1),(27,1,27,'Cupid Arrow of Love','Cupid Arrow of Love',0.05,'USD',0,NULL,906,0,'cupid-arrow','cupid-arrow',1,0,NULL,'2010-02-11 06:52:40',1),(28,1,28,'Heart Pendant','Heart Pendant',0.5,'USD',0,NULL,125,0,'heart-pendant','heart-pendant',1,0,NULL,'2010-02-11 06:52:40',1),(29,1,29,'Tiffany Heart','Tiffany Heart',1,'USD',0,NULL,41,0,'heartpendant_tiffany','heartpendant_tiffany',1,0,NULL,'2010-02-11 06:52:40',1),(30,1,30,'Love Token','Love Token',0.05,'USD',0,NULL,1233,0,'love-token','love-token',1,0,NULL,'2010-02-11 06:52:40',1),(31,1,31,'Infinity Ring','Infinity Ring',0.5,'USD',0,NULL,70,0,'infinity-ring','infinity-ring',1,0,NULL,'2010-02-11 06:52:40',1),(32,1,32,'Secret Love Letter','Secret Love Letter',0.05,'USD',0,NULL,743,1,'heartenvelope','heartenvelope',1,0,NULL,'2010-02-11 06:52:40',1),(33,1,33,'Floating Hearts','Floating Hearts',0.05,'USD',0,NULL,1455,0,'heart-balloon','heart-balloon',1,0,NULL,'2010-02-11 06:52:40',1),(34,1,34,'Hit for Four','Hit for Four',0.05,'USD',0,NULL,2571,0,'hit-for-four','hit-for-four',1,0,NULL,'2010-02-11 06:52:40',1),(35,1,35,'Hit for Six','Hit for Six',0.1,'USD',1,NULL,8603,0,'hit-for-six','hit-for-six',1,0,NULL,'2010-02-11 06:52:40',1),(36,1,36,'Cricket Ball','Cricket Ball',0.05,'USD',1,NULL,22156,0,'cricket-ball','cricket-ball',1,0,NULL,'2010-02-11 06:52:40',1),(37,1,37,'Cricket Bat','Cricket Bat',0.05,'USD',1,NULL,13919,0,'cricket-bat','cricket-bat',1,0,NULL,'2010-02-11 06:52:40',1),(38,1,38,'Batsman','Batsman',0.15,'USD',1,NULL,3937,0,'batsman','batsman',1,0,NULL,'2010-02-11 06:52:40',1),(39,1,39,'Spin Bowler','Spin Bowler',0.15,'USD',1,NULL,2072,0,'bowler','bowler',1,0,NULL,'2010-02-11 06:52:40',1),(40,1,40,'Helmet','Helmet',0.1,'USD',1,NULL,8680,0,'helmet','helmet',1,0,NULL,'2010-02-11 06:52:40',1),(41,1,41,'Wicket','Wicket',0.1,'USD',1,NULL,4143,0,'stump','stump',1,0,NULL,'2010-02-11 06:52:40',1),(42,1,42,'Trophy','Trophy',0.25,'USD',1,NULL,17927,1,'trophy','trophy',1,0,NULL,'2010-02-11 06:52:40',1),(43,1,43,'Umpire','Umpire',0.1,'USD',1,NULL,5014,0,'umpire','umpire',1,0,NULL,'2010-02-11 06:52:40',1),(44,1,44,'RC cap','RC cap',0.1,'USD',1,NULL,4817,0,'rc-cap','rc-cap',1,0,NULL,'2010-02-11 06:52:40',1),(45,1,45,'RC cricket jersey','RC cricket jersey',0.25,'USD',1,NULL,812,0,'rc-cricket-jersey','rc-cricket-jersey',1,0,NULL,'2010-02-11 06:52:40',1),(46,1,46,'CSK cap','CSK cap',0.1,'USD',1,NULL,5474,0,'csk-cap','csk-cap',1,0,NULL,'2010-02-11 06:52:40',1),(47,1,47,'CSK cricket jersey','CSK cricket jersey',0.25,'USD',1,NULL,1092,0,'csk-cricket-jersey','csk-cricket-jersey',1,0,NULL,'2010-02-11 06:52:40',1),(48,1,48,'DD cricket ball','DD cricket ball',0.07,'USD',1,NULL,6150,0,'dd-cricket-ball','dd-cricket-ball',1,0,NULL,'2010-02-11 06:52:40',1),(49,1,49,'DD cap','DD cap',0.1,'USD',1,NULL,22070,0,'dd-cap','dd-cap',1,0,NULL,'2010-02-11 06:52:40',1),(50,1,50,'DD cricket jersey','DD cricket jersey',0.25,'USD',1,NULL,2568,1,'dd-cricket-jersey','dd-cricket-jersey',1,0,NULL,'2010-02-11 06:52:40',1),(51,1,51,'DD mug','DD mug',0.03,'USD',1,NULL,378665,0,'dd-mug','dd-mug',1,0,NULL,'2010-02-11 06:52:40',1),(52,1,52,'DD sandals','DD sandals',0.05,'USD',1,NULL,78739,0,'dd-sandals','dd-sandals',1,0,NULL,'2010-02-11 06:52:40',1),(53,1,53,'DD shoes','DD shoes',0.1,'USD',1,NULL,21297,0,'dd-shoes','dd-shoes',1,0,NULL,'2010-02-11 06:52:40',1),(54,1,54,'DC cap','DC cap',0.1,'USD',1,NULL,4019,0,'dc-cap','dc-cap',1,0,NULL,'2010-02-11 06:52:40',1),(55,1,55,'DC cricket jersey','DC cricket jersey',0.25,'USD',1,NULL,717,0,'dc-cricket-jersey','dc-cricket-jersey',1,0,NULL,'2010-02-11 06:52:40',1),(56,1,56,'KKR cap','KKR cap',0.1,'USD',1,NULL,7213,0,'kkr-cap','kkr-cap',1,0,NULL,'2010-02-11 06:52:40',1),(57,1,57,'KKR cricket jersey','KKR cricket jersey',0.25,'USD',1,NULL,1671,0,'kkr-cricket-jersey','kkr-cricket-jersey',1,0,NULL,'2010-02-11 06:52:40',1),(58,1,58,'KXI cap','KXI cap',0.1,'USD',1,NULL,2870,1,'kxi-cap','kxi-cap',1,0,NULL,'2010-02-11 06:52:40',1),(59,1,59,'KXI cricket jersey','KXI cricket jersey',0.25,'USD',1,NULL,837,0,'kxi-cricket-jersey','kxi-cricket-jersey',1,0,NULL,'2010-02-11 06:52:40',1),(60,1,60,'Blackberryku Keren','blackberryku keren',0.01,'USD',0,NULL,4863,0,'blackberryku-keren','blackberryku-keren',1,0,NULL,'2010-02-11 06:52:40',1),(61,1,61,'Kado untukmu','kado untukmu',0.01,'USD',0,NULL,4429,0,'kadountukmu','kadountukmu',1,0,NULL,'2010-02-11 06:52:40',1),(62,1,62,'Kartupos Bali','kartupos bali',0.01,'USD',0,NULL,2084,0,'kartupos-bali','kartupos-bali',1,0,NULL,'2010-02-11 06:52:40',1),(63,1,63,'Minuman Botolan','minuman Botolan',0.01,'USD',0,NULL,5176,0,'minuman-botolan','minuman-botolan',1,0,NULL,'2010-02-11 06:52:40',1),(64,1,64,'Pesan Cinta','pesan cint',0.01,'USD',0,NULL,3769,0,'pesan-cinta','pesan-cinta',1,0,NULL,'2010-02-11 06:52:40',1),(65,1,65,'pin migbot','pin migbot',0.01,'USD',0,NULL,2811,1,'pin-migbot','pin-migbot',1,0,NULL,'2010-02-11 06:52:40',1),(66,1,66,'Independence Peacock','Independence Peacock',0.05,'USD',1,NULL,36974,1,'iid-peacock','iid-peacock',1,0,NULL,'2010-02-11 06:52:40',1),(67,1,67,'Independence Flower','Independence Flower',0.05,'USD',1,NULL,34666,0,'iid-flower','iid-flower',1,0,NULL,'2010-02-11 06:52:40',1),(68,1,68,'Independence Kite','Independence Kite',0.05,'USD',1,NULL,33843,0,'iid-kite','iid-kite',1,0,NULL,'2010-02-11 06:52:40',1),(69,1,69,'migBot Pin','migBot Pin',0.05,'USD',1,NULL,109972,0,'pin-migbot','pin-migbot',1,0,NULL,'2010-02-11 06:52:40',1),(70,1,70,'Special Present','Special Present',0.1,'USD',1,NULL,62282,0,'kadountukmu','kadountukmu',1,0,NULL,'2010-02-11 06:52:40',1),(71,1,71,'Cold, Fresh, Milk','Cold, Fresh, Milk',0.05,'USD',1,NULL,60028,0,'cold-fresh-milk','cold-fresh-milk',1,0,NULL,'2010-02-11 06:52:40',1),(72,1,72,'Happy Fasting','Happy Fasting',0.05,'USD',1,NULL,79969,0,'happy-fasting','happy-fasting',1,0,NULL,'2010-02-11 06:52:40',1),(73,1,73,'Happy IdulFitri','Happy IdulFitri',0.05,'USD',1,NULL,148034,0,'happy-idulfitri','happy-idulfitri',1,0,NULL,'2010-02-11 06:52:40',1),(74,1,74,'Selamat Berpuasa','Selamat Berpuasa',0.05,'USD',1,NULL,6361,1,'selamat-berpuasa','selamat-berpuasa',1,0,NULL,'2010-02-11 06:52:40',1),(75,1,75,'Selamat Idul Fitri','Selamat Idul Fitri',0.05,'USD',1,NULL,11840,0,'selamat-idulfitri','selamat-idulfitri',1,0,NULL,'2010-02-11 06:52:40',1),(76,1,76,'Saree','Saree',0.05,'USD',1,NULL,100382,0,'saree','saree',1,0,NULL,'2010-02-11 06:52:40',1),(77,1,77,'Achkan','Achkan',0.05,'USD',1,NULL,100435,0,'achkan','achkan',1,0,NULL,'2010-02-11 06:52:40',1),(78,1,78,'Puja Thali','Puja Thali',0.05,'USD',1,NULL,66312,0,'puja-thali','puja-thali',1,0,NULL,'2010-02-11 06:52:40',1),(79,1,79,'Sone Ka Haar','Sone Ka Haar',0.01,'USD',1,NULL,55085,0,'sone-ka-haar','sone-ka-haar',1,0,NULL,'2010-02-11 06:52:40',1),(80,1,80,'Rangoli','Rangoli',0.2,'USD',1,NULL,7310,0,'rangoli','rangoli',1,0,NULL,'2010-02-11 06:52:40',1),(81,1,81,'Phool Mala','Phool Mala',0.1,'USD',1,NULL,17763,1,'phool-mala','phool-mala',1,0,NULL,'2010-02-11 06:52:40',1),(82,1,82,'Pumpkin','Pumpkin',0.1,'USD',1,NULL,32655,1,'pumpkin','pumpkin',1,0,NULL,'2010-02-11 06:52:40',1),(83,1,83,'Ghost Lantern','Ghost Lantern',0.05,'USD',1,NULL,101914,1,'halloween-ghost','halloween-ghost',1,0,NULL,'2010-02-11 06:52:40',1),(84,1,84,'Halloween Candy','Candy',0.01,'USD',1,NULL,208885,0,'halloween-candy','halloween-candy',1,0,NULL,'2010-02-11 06:52:40',1),(85,1,85,'tote bag','tote bag',0.05,'USD',1,NULL,27237,0,'tote-bag','tote-bag',1,0,NULL,'2010-02-11 06:52:40',1),(86,1,86,'kenya','kenya',1,'USD',1,NULL,69,0,'kenya','kenya',1,0,NULL,'2010-02-11 06:52:40',1),(87,1,87,'south africa','south africa',1,'USD',1,NULL,74,0,'south-africa','south-africa',1,0,NULL,'2010-02-11 06:52:40',1),(88,1,88,'brunei','brunei',1,'USD',1,NULL,185,0,'brunei','brunei',1,0,NULL,'2010-02-11 06:52:40',1),(89,1,89,'red perfume','red perfume',0.05,'USD',1,NULL,67025,0,'red-perfume','red-perfume',1,0,NULL,'2010-02-11 06:52:40',1),(90,1,90,'pakistan','pakistan',1,'USD',1,NULL,175,0,'pakistan','pakistan',1,0,NULL,'2010-02-11 06:52:40',1),(91,1,91,'islam-new-year-mug','islam-new-year-mug',0.05,'USD',1,NULL,33280,0,'islam-new-year-mug','islam-new-year-mug',1,0,NULL,'2010-02-11 06:52:40',1),(92,1,92,'bro','bro',0.25,'USD',1,NULL,7115,0,'bro','bro',1,0,NULL,'2010-02-11 06:52:40',1),(93,1,93,'indonesia','indonesia',1,'USD',1,NULL,2585,0,'indonesia','indonesia',1,0,NULL,'2010-02-11 06:52:40',1),(94,1,94,'juice','juice',0.05,'USD',1,NULL,108682,0,'juice','juice',1,0,NULL,'2010-02-11 06:52:40',1),(95,1,95,'cupid','cupid',0.05,'USD',1,NULL,160750,0,'cupid','cupid',1,0,NULL,'2010-02-11 06:52:40',1),(96,1,96,'pda','pda',0.75,'USD',1,NULL,464,0,'pda','pda',1,0,NULL,'2010-02-11 06:52:40',1),(97,1,97,'Thank You','thank you',0.25,'USD',1,NULL,8899,0,'thank-you','thank-you',1,0,NULL,'2010-02-11 06:52:40',1),(98,1,98,'crescent-earring','crescent-earring',0.75,'USD',1,NULL,459,0,'crescent-earring','crescent-earring',1,0,NULL,'2010-02-11 06:52:40',1),(99,1,99,'lcd plasma','lcd plasma',0.75,'USD',1,NULL,465,0,'lcd-plasma','lcd-plasma',1,0,NULL,'2010-02-11 06:52:40',1),(100,1,100,'xmas present','xmas present',0.25,'USD',1,NULL,518,0,'xmas-present','xmas-present',1,0,NULL,'2010-02-11 06:52:40',1),(101,1,101,'syria','syria',1,'USD',1,NULL,178,0,'syria','syria',1,0,NULL,'2010-02-11 06:52:40',1),(102,1,102,'psp','psp',0.75,'USD',1,NULL,1345,0,'psp','psp',1,0,NULL,'2010-02-11 06:52:40',1),(103,1,103,'new-year-message','new-year-message',0.25,'USD',1,NULL,1234,0,'new-year-message','new-year-message',1,0,NULL,'2010-02-11 06:52:40',1),(104,1,104,'kissing','kissing',0.25,'USD',1,NULL,10310,0,'kissing','kissing',1,0,NULL,'2010-02-11 06:52:40',1),(105,1,105,'wishes','wishes',0.25,'USD',1,NULL,1925,0,'wishes','wishes',1,0,NULL,'2010-02-11 06:52:40',1),(106,1,106,'afghanistan','afghanistan',1,'USD',1,NULL,56,0,'afghanistan','afghanistan',1,0,NULL,'2010-02-11 06:52:40',1),(107,1,107,'islam-new-year-carpet','islam-new-year-carpet',0.25,'USD',1,NULL,899,0,'islam-new-year-carpet','islam-new-year-carpet',1,0,NULL,'2010-02-11 06:52:40',1),(108,1,108,'poison','poison',0.75,'USD',1,NULL,504,0,'poison','poison',1,0,NULL,'2010-02-11 06:52:40',1),(109,1,109,'loving','loving',0.25,'USD',1,NULL,6619,0,'loving','loving',1,0,NULL,'2010-02-11 06:52:40',1),(110,1,110,'flaming drink','flaming drink',0.05,'USD',1,NULL,47001,0,'flaming-drink','flaming-drink',1,0,NULL,'2010-02-11 06:52:40',1),(111,1,111,'pizza','pizza',0.05,'USD',1,NULL,86149,0,'pizza','pizza',1,0,NULL,'2010-02-11 06:52:40',1),(112,1,112,'mozambique','mozambique',1,'USD',1,NULL,68,0,'mozambique','mozambique',1,0,NULL,'2010-02-11 06:52:40',1),(113,1,113,'saudi arabia','saudi arabia',1,'USD',1,NULL,170,0,'saudi-arabia','saudi-arabia',1,0,NULL,'2010-02-11 06:52:40',1),(114,1,114,'philippines','philippines',1,'USD',1,NULL,75,0,'philippines','philippines',1,0,NULL,'2010-02-11 06:52:40',1),(115,1,115,'maldives','maldives',1,'USD',1,NULL,691,0,'maldives','maldives',1,0,NULL,'2010-02-11 06:52:40',1),(116,1,116,'love balloon','love balloon',0.05,'USD',1,NULL,81955,0,'love-balloon','love-balloon',1,0,NULL,'2010-02-11 06:52:40',1),(117,1,117,'gold coin','gold coin',0.75,'USD',1,NULL,720,1,'gold-coin','gold-coin',1,0,NULL,'2010-02-11 06:52:40',1),(118,1,118,'ballpoint','ballpoint',0.05,'USD',1,NULL,36017,0,'ballpoint','ballpoint',1,0,NULL,'2010-02-11 06:52:40',1),(119,1,119,'usb','usb',0.05,'USD',1,NULL,91552,0,'usb','usb',1,0,NULL,'2010-02-11 06:52:40',1),(120,1,120,'boxing glove','boxing glove',0.05,'USD',1,NULL,18229,0,'boxing-glove','boxing-glove',1,0,NULL,'2010-02-11 06:52:40',1),(121,1,121,'heart pain','heart pain',0.25,'USD',1,NULL,5042,0,'heart-pain','heart-pain',1,0,NULL,'2010-02-11 06:52:40',1),(122,1,122,'king','king',0.75,'USD',1,NULL,2275,0,'king','king',1,0,NULL,'2010-02-11 06:52:40',1),(123,1,123,'bouquet of flower','bouquet of flower',0.05,'USD',1,NULL,37568,0,'bouquet-of-flower','bouquet-of-flower',1,0,NULL,'2010-02-11 06:52:40',1),(124,1,124,'old phone','old phone',0.05,'USD',1,NULL,36126,0,'old-phone','old-phone',1,0,NULL,'2010-02-11 06:52:40',1),(125,1,125,'bangladesh','bangladesh',1,'USD',1,NULL,212,0,'bangladesh','bangladesh',1,0,NULL,'2010-02-11 06:52:40',1),(126,1,126,'nintendo','nintendo',0.75,'USD',1,NULL,407,0,'nintendo','nintendo',1,0,NULL,'2010-02-11 06:52:40',1),(127,1,127,'heart broken','heart broken',0.25,'USD',1,NULL,2015,1,'heart-broken','heart-broken',1,0,NULL,'2010-02-11 06:52:40',1),(128,1,128,'india','india',1,'USD',1,NULL,229,0,'india','india',1,0,NULL,'2010-02-11 06:52:40',1),(129,1,129,'Birthday Card','bday card',0.05,'USD',1,NULL,28575,0,'bday-card','bday-card',1,0,NULL,'2010-02-11 06:52:40',1),(130,1,130,'mig33 letter','mig33 letter',0.25,'USD',1,NULL,1039,0,'mig33-letter','mig33-letter',1,0,NULL,'2010-02-11 06:52:40',1),(131,1,131,'Birthday Cake','bday cake',0.05,'USD',1,NULL,40292,0,'bday-cake','bday-cake',1,0,NULL,'2010-02-11 06:52:40',1),(132,1,132,'oman','oman',1,'USD',1,NULL,96,0,'oman','oman',1,0,NULL,'2010-02-11 06:52:40',1),(133,1,133,'camera','camera',0.75,'USD',1,NULL,1317,0,'camera','camera',1,0,NULL,'2010-02-11 06:52:40',1),(134,1,134,'santa hat','santa hat',0.05,'USD',1,NULL,23498,0,'santa-hat','santa-hat',1,0,NULL,'2010-02-11 06:52:40',1),(135,1,135,'vietnam','vietnam',1,'USD',1,NULL,45,0,'vietnam','vietnam',1,0,NULL,'2010-02-11 06:52:40',1),(136,1,136,'iraq','iraq',1,'USD',1,NULL,135,0,'iraq','iraq',1,0,NULL,'2010-02-11 06:52:40',1),(137,1,137,'egypt','egypt',1,'USD',1,NULL,120,0,'egypt','egypt',1,0,NULL,'2010-02-11 06:52:40',1),(138,1,138,'muach','muach',0.25,'USD',1,NULL,19212,0,'muach','muach',1,0,NULL,'2010-02-11 06:52:40',1),(139,1,139,'chocolate','chocolate',0.05,'USD',1,NULL,132745,0,'chocolate','chocolate',1,0,NULL,'2010-02-11 06:52:40',1),(140,1,140,'sis','sis',0.25,'USD',1,NULL,4348,0,'sis','sis',1,0,NULL,'2010-02-11 06:52:40',1),(141,1,141,'snowman globe','snowman globe',0.25,'USD',1,NULL,706,0,'snowman-globe','snowman-globe',1,0,NULL,'2010-02-11 06:52:40',1),(142,1,142,'love bracelet','love bracelet',0.75,'USD',1,NULL,1465,0,'love-bracelet','love-bracelet',1,0,NULL,'2010-02-11 06:52:40',1),(143,1,143,'puppy','puppy',0.25,'USD',1,NULL,3677,0,'puppy','puppy',1,0,NULL,'2010-02-11 06:52:40',1),(144,1,144,'high-five','high-five',0.25,'USD',1,NULL,2637,0,'high-five','high-five',1,0,NULL,'2010-02-11 06:52:40',1),(145,1,145,'islam-new-year-badge','islam-new-year-badge',0.25,'USD',1,NULL,688,0,'islam-new-year-badge','islam-new-year-badge',1,0,NULL,'2010-02-11 06:52:40',1),(146,1,146,'next level','next level',0.25,'USD',1,NULL,5198,0,'next-level','next-level',1,0,NULL,'2010-02-11 06:52:40',1),(147,1,147,'xmas bell','xmas bell',0.25,'USD',1,NULL,1406,0,'xmas-bell','xmas-bell',1,0,NULL,'2010-02-11 06:52:40',1),(148,1,148,'xmas girl','xmas girl',0.75,'USD',1,NULL,633,0,'xmas-girl','xmas-girl',1,0,NULL,'2010-02-11 06:52:40',1),(149,1,149,'xmas sock','xmas sock',0.05,'USD',1,NULL,32964,0,'xmas-sock','xmas-sock',1,0,NULL,'2010-02-11 06:52:40',1),(150,1,150,'xmas tree','xmas tree',0.25,'USD',1,NULL,2135,0,'xmas-tree','xmas-tree',1,0,NULL,'2010-02-11 06:52:40',1),(151,1,151,'snowman','snowman',0.25,'USD',1,NULL,1037,0,'snowman','snowman',1,0,NULL,'2010-02-11 06:52:40',1),(152,1,152,'xmas ball','xmas ball',0.25,'USD',1,NULL,423,0,'xmas-ball','xmas-ball',1,0,NULL,'2010-02-11 06:52:40',1),(153,1,153,'xmas candy','xmas candy',0.05,'USD',1,NULL,37603,0,'xmas-candy','xmas-candy',1,0,NULL,'2010-02-11 06:52:40',1),(154,1,154,'xmas gift','xmas gift',0.25,'USD',1,NULL,966,1,'xmas-gift','xmas-gift',1,0,NULL,'2010-02-11 06:52:40',1),(155,1,155,'xmas globe','xmas globe',0.25,'USD',1,NULL,353,0,'xmas-globe','xmas-globe',1,0,NULL,'2010-02-11 06:52:40',1),(156,1,156,'usa','usa',1,'USD',1,NULL,206,0,'usa','usa',1,0,NULL,'2010-02-11 06:52:40',1),(157,1,157,'zambia','zambia',1,'USD',1,NULL,10,0,'zambia','zambia',1,0,NULL,'2010-02-11 06:52:40',1),(158,1,158,'bosnia','bosnia',1,'USD',1,NULL,39,0,'bosnia','bosnia',1,0,NULL,'2010-02-11 06:52:40',1),(159,1,159,'united-arab-emirates','united-arab-emirates',1,'USD',1,NULL,25,0,'united-arab-emirates','united-arab-emirates',1,0,NULL,'2010-02-11 06:52:40',1),(160,1,160,'ukraine','ukraine',1,'USD',1,NULL,9,0,'ukraine','ukraine',1,0,NULL,'2010-02-11 06:52:40',1),(161,1,161,'turkey','turkey',1,'USD',1,NULL,22,0,'turkey','turkey',1,0,NULL,'2010-02-11 06:52:40',1),(162,1,162,'tanzania','tanzania',1,'USD',1,NULL,5,0,'tanzania','tanzania',1,0,NULL,'2010-02-11 06:52:40',1),(163,1,163,'sudan','sudan',1,'USD',1,NULL,36,0,'sudan','sudan',1,0,NULL,'2010-02-11 06:52:40',1),(164,1,164,'sri-lanka','sri-lanka',1,'USD',1,NULL,13,0,'sri-lanka','sri-lanka',1,0,NULL,'2010-02-11 06:52:40',1),(165,1,165,'Serbia and Montenegro','serbia',1,'USD',1,NULL,74,0,'serbia-montenegro','serbia-montenegro',1,0,NULL,'2010-02-11 06:52:40',1),(166,1,166,'russia','russia',1,'USD',1,NULL,10,0,'russia','russia',1,0,NULL,'2010-02-11 06:52:40',1),(167,1,167,'romania','romania',1,'USD',1,NULL,8,0,'romania','romania',1,0,NULL,'2010-02-11 06:52:40',1),(168,1,168,'nigeria','nigeria',1,'USD',1,NULL,8,0,'nigeria','nigeria',1,0,NULL,'2010-02-11 06:52:40',1),(169,1,169,'nepal','nepal',1,'USD',1,NULL,49,0,'nepal','nepal',1,0,NULL,'2010-02-11 06:52:40',1),(170,1,170,'namibia','namibia',1,'USD',1,NULL,3,0,'namibia','namibia',1,0,NULL,'2010-02-11 06:52:40',1),(171,1,171,'malaysia','malaysia',1,'USD',1,NULL,50,0,'malaysia','malaysia',1,0,NULL,'2010-02-11 06:52:40',1),(172,1,172,'jordan','jordan',1,'USD',1,NULL,15,0,'jordan','jordan',1,0,NULL,'2010-02-11 06:52:40',1),(173,1,173,'cambodia','cambodia',1,'USD',1,NULL,13,0,'cambodia','cambodia',1,0,NULL,'2010-02-11 06:52:40',1),(174,1,174,'israel','israel',1,'USD',1,NULL,43,0,'israel','israel',1,0,NULL,'2010-02-11 06:52:40',1),(175,1,175,'australia','australia',1,'USD',1,NULL,51,1,'australia','australia',1,0,NULL,'2010-02-11 06:52:40',1),(176,1,176,'gps','gps',0.75,'USD',1,NULL,385,0,'gps','gps',1,0,NULL,'2010-02-11 06:52:40',1),(177,1,177,'handphone-strap','handphone-strap',0.25,'USD',1,NULL,1452,0,'handphone-strap','handphone-strap',1,0,NULL,'2010-02-11 06:52:40',1),(178,1,178,'migpod','migpod',0.25,'USD',1,NULL,3014,1,'migpod','migpod',1,0,NULL,'2010-02-11 06:52:40',1),(179,1,179,'i-love-u','i-love-u',0.75,'USD',1,NULL,6679,1,'i-love-u','i-love-u',1,0,NULL,'2010-02-11 06:52:40',1),(180,1,180,'i-say-no','i-say-no',0.75,'USD',1,NULL,250,0,'i-say-no','i-say-no',1,0,NULL,'2010-02-11 06:52:40',1),(181,1,181,'pot-of-gold','pot-of-gold',0.75,'USD',1,NULL,352,0,'pot-of-gold','pot-of-gold',1,0,NULL,'2010-02-11 06:52:40',1),(182,1,182,'snack','snack',0.05,'USD',1,NULL,111096,0,'snack','snack',1,0,NULL,'2010-02-11 06:52:40',1),(183,1,183,'tissue','tissue',0.05,'USD',1,NULL,55207,0,'tissue','tissue',1,0,NULL,'2010-02-11 06:52:40',1),(184,1,184,'tshirt','tshirt',0.75,'USD',1,NULL,673,0,'tshirt','tshirt',1,0,NULL,'2010-02-11 06:52:40',1),(185,1,185,'Thank You Note','thank-you-note',0.25,'USD',1,NULL,2280,0,'thank-you-note','thank-you-note',1,0,NULL,'2010-02-11 06:52:40',1),(186,1,186,'you-got-a-message','you-got-a-message',0.75,'USD',1,NULL,148,0,'you-got-a-message','you-got-a-message',1,0,NULL,'2010-02-11 06:52:40',1),(187,1,187,'low-card','low-card',0.05,'USD',1,NULL,35212,0,'low-card','low-card',1,0,NULL,'2010-02-11 06:52:40',1),(188,1,188,'wild-card','wild-card',0.25,'USD',1,NULL,844,0,'wild-card','wild-card',1,0,NULL,'2010-02-11 06:52:40',1),(189,1,189,'love-marmite','love-marmite',0.25,'USD',1,NULL,2985,0,'love-marmite','love-marmite',1,0,NULL,'2010-02-11 06:52:40',1),(190,1,190,'chocolate-milk','chocolate-milk',0.05,'USD',1,NULL,36656,0,'chocolate-milk','chocolate-milk',1,0,NULL,'2010-02-11 06:52:40',1),(191,1,191,'Cupcakes','cupcakes',0.05,'USD',1,NULL,43165,0,'cupcakes','cupcakes',1,0,NULL,'2010-02-11 06:52:40',1),(192,1,192,'tuxedo','tuxedo',1,'USD',1,NULL,341,0,'tuxedo','tuxedo',1,0,NULL,'2010-02-11 06:52:40',1),(193,1,193,'dinner-gown','dinner-gown',1,'USD',1,NULL,379,0,'dinner-gown','dinner-gown',1,0,NULL,'2010-02-11 06:52:40',1),(194,1,194,'bitten-chocolate','bitten-chocolate',0.05,'USD',1,NULL,45109,0,'bitten-chocolate','bitten-chocolate',1,0,NULL,'2010-02-11 06:52:40',1),(195,1,195,'cigarette','cigarette',0.25,'USD',1,NULL,5404,0,'cigarette','cigarette',1,0,NULL,'2010-02-11 06:52:40',1),(196,1,196,'glass-shoe','glass-shoe',1,'USD',1,NULL,658,0,'glass-shoe','glass-shoe',1,0,NULL,'2010-02-11 06:52:40',1),(197,1,197,'gold-bar','gold-bar',0.75,'USD',1,NULL,459,0,'gold-bar','gold-bar',1,0,NULL,'2010-02-11 06:52:40',1),(198,1,198,'mig33-pin-2','mig33-pin-2',0.05,'USD',1,NULL,57170,0,'mig33-pin-2','mig33-pin-2',1,0,NULL,'2010-02-11 06:52:40',1),(199,1,199,'tie','tie',0.05,'USD',1,NULL,63298,0,'tie','tie',1,0,NULL,'2010-02-11 06:52:40',1),(200,1,200,'champion-league','champion-league',0.25,'USD',1,NULL,2235,0,'champion-league','champion-league',1,0,NULL,'2010-02-11 06:52:40',1),(201,1,201,'memory-card','memory-card',0.05,'USD',1,NULL,44626,0,'memory-card','memory-card',1,0,NULL,'2010-02-11 06:52:40',1),(202,1,202,'bluetooth-headset','bluetooth-headset',0.75,'USD',1,NULL,217,0,'bluetooth-headset','bluetooth-headset',1,0,NULL,'2010-02-11 06:52:40',1),(203,1,203,'bikini','bikini',0.25,'USD',1,NULL,11648,0,'bikini','bikini',1,0,NULL,'2010-02-11 06:52:40',1),(204,1,204,'swimsuit-men','swimsuit-men',0.25,'USD',1,NULL,1551,0,'swimsuit-men','swimsuit-men',1,0,NULL,'2010-02-11 06:52:40',1),(205,1,205,'coffee-n-bean','coffee-n-bean',0.05,'USD',1,NULL,54389,0,'coffee-n-bean','coffee-n-bean',1,0,NULL,'2010-02-11 06:52:40',1),(206,1,206,'red-wine','red-wine',0.25,'USD',1,NULL,2648,0,'red-wine','red-wine',1,0,NULL,'2010-02-11 06:52:40',1),(207,1,207,'wau','wau',0.05,'USD',1,NULL,50622,0,'wau','wau',1,0,NULL,'2010-02-11 06:52:40',1),(208,1,208,'satay','satay',0.05,'USD',1,NULL,50238,0,'satay','satay',1,0,NULL,'2010-02-11 06:52:40',1),(209,1,209,'roulette','roulette',0.05,'USD',1,NULL,47315,0,'roulette','roulette',1,0,NULL,'2010-02-11 06:52:40',1),(210,1,210,'angel-wand','angel-wand',0.75,'USD',1,NULL,410,0,'angel-wand','angel-wand',1,0,NULL,'2010-02-11 06:52:40',1),(211,1,211,'palestine','palestine',1,'USD',1,NULL,37,0,'palestine','palestine',1,0,NULL,'2010-02-11 06:52:40',1),(212,1,212,'watch-women','watch-women',0.75,'USD',1,NULL,522,0,'watch-women','watch-women',1,0,NULL,'2010-02-11 06:52:40',1),(213,1,213,'watch-men','watch-men',0.75,'USD',1,NULL,606,0,'watch-men','watch-men',1,0,NULL,'2010-02-11 06:52:40',1),(214,1,214,'sunglasses','sunglasses',0.25,'USD',1,NULL,2235,0,'sunglasses','sunglasses',1,0,NULL,'2010-02-11 06:52:40',1),(215,1,215,'car-key','car-key',0.75,'USD',1,NULL,457,0,'car-key','car-key',1,0,NULL,'2010-02-11 06:52:40',1),(216,1,216,'house-key','house-key',0.75,'USD',1,NULL,236,0,'house-key','house-key',1,0,NULL,'2010-02-11 06:52:40',1),(217,1,217,'candle-light-dinner','candle-light-dinner',0.25,'USD',1,NULL,2076,0,'candle-light-dinner','candle-light-dinner',1,0,NULL,'2010-02-11 06:52:40',1),(218,1,218,'deal','deal',0.25,'USD',1,NULL,2296,0,'deal','deal',1,0,NULL,'2010-02-11 06:52:40',1),(219,1,219,'poker-chip','poker-chip',0.05,'USD',1,NULL,31804,0,'poker-chip','poker-chip',1,0,NULL,'2010-02-11 06:52:40',1),(220,1,220,'ear-ring','ear-ring',0.75,'USD',1,NULL,488,0,'ear-ring','ear-ring',1,0,NULL,'2010-02-11 06:52:40',1),(221,1,221,'emerald','emerald',1,'USD',1,NULL,561,0,'emerald','emerald',1,0,NULL,'2010-02-11 06:52:40',1),(222,1,222,'india-republic','india-republic',0.05,'USD',1,NULL,20968,0,'india-republic','india-republic',1,0,NULL,'2010-02-11 06:52:40',1),(223,1,223,'cheese-cake','cheese-cake',0.05,'USD',1,NULL,56665,0,'cheese-cake','cheese-cake',1,0,NULL,'2010-02-11 06:52:40',1),(224,1,224,'donut','donut',0.05,'USD',1,NULL,80499,0,'donut','donut',1,0,NULL,'2010-02-11 06:52:40',1),(225,1,225,'holding-hand','holding-hand',0.25,'USD',1,NULL,4048,0,'holding-hand','holding-hand',1,0,NULL,'2010-02-11 06:52:40',1),(226,1,226,'love-letter','love-letter',0.25,'USD',1,NULL,3582,0,'love-letter','love-letter',1,0,NULL,'2010-02-11 06:52:40',1),(227,1,227,'gift-voucher','gift-voucher',0.25,'USD',1,NULL,1996,0,'gift-voucher','gift-voucher',1,0,NULL,'2010-02-11 06:52:40',1),(228,1,228,'goody-bag','goody-bag',0.25,'USD',1,NULL,1260,0,'goody-bag','goody-bag',1,0,NULL,'2010-02-11 06:52:40',1),(229,1,229,'u-n-i-doll','u-n-i-doll',0.25,'USD',1,NULL,1581,0,'u-n-i-doll','u-n-i-doll',1,0,NULL,'2010-02-11 06:52:40',1),(230,1,230,'mp3-player','mp3-player',0.75,'USD',1,NULL,564,0,'mp3-player','mp3-player',1,0,NULL,'2010-02-11 06:52:40',1),(231,1,231,'elmo-n-cookie','elmo-n-cookie',1,'USD',1,NULL,269,0,'elmo-n-cookie','elmo-n-cookie',1,0,NULL,'2010-02-11 06:52:40',1),(232,1,232,'lingerie','lingerie',0.25,'USD',1,NULL,2591,0,'lingerie','lingerie',1,0,NULL,'2010-02-11 06:52:40',1),(233,1,233,'mini-skirt','mini-skirt',0.25,'USD',1,NULL,2392,0,'mini-skirt','mini-skirt',1,0,NULL,'2010-02-11 06:52:40',1),(234,1,234,'boxer','boxer',0.05,'USD',1,NULL,80833,0,'boxer','boxer',1,0,NULL,'2010-02-11 06:52:40',1),(235,1,235,'Bahrain','Bahrain',1,'USD',1,NULL,1,0,'bahrain','bahrain',1,0,NULL,'2010-02-11 06:52:40',1),(236,1,236,'Brazil','Brazil',1,'USD',1,NULL,2,0,'brazil','brazil',1,0,NULL,'2010-02-11 06:52:40',1),(237,1,237,'Congo','Congo',1,'USD',1,NULL,0,0,'congo','congo',1,0,NULL,'2010-02-11 06:52:40',1),(238,1,238,'Cyprus','Cyprus',1,'USD',1,NULL,0,0,'cyprus','cyprus',1,0,NULL,'2010-02-11 06:52:40',1),(239,1,239,'Ghana','Ghana',1,'USD',1,NULL,0,0,'ghana','ghana',1,0,NULL,'2010-02-11 06:52:40',1),(240,1,240,'Iran','Iran',1,'USD',1,NULL,1,0,'iran','iran',1,0,NULL,'2010-02-11 06:52:40',1),(241,1,241,'Italy','Italy',1,'USD',1,NULL,8,0,'italy','italy',1,0,NULL,'2010-02-11 06:52:40',1),(242,1,242,'Kuwait','Kuwait',1,'USD',1,NULL,0,0,'kuwait','kuwait',1,0,NULL,'2010-02-11 06:52:40',1),(243,1,243,'Lebanon','Lebanon',1,'USD',1,NULL,0,0,'lebanon','lebanon',1,0,NULL,'2010-02-11 06:52:40',1),(244,1,244,'Libya','Libya',1,'USD',1,NULL,4,0,'libya','libya',1,0,NULL,'2010-02-11 06:52:40',1),(245,1,245,'Lithuania','Lithuania',1,'USD',1,NULL,0,0,'lithuania','lithuania',1,0,NULL,'2010-02-11 06:52:40',1),(246,1,246,'Macedonia','Macedonia',1,'USD',1,NULL,0,0,'macedonia','macedonia',1,0,NULL,'2010-02-11 06:52:40',1),(247,1,247,'Malawi','Malawi',1,'USD',1,NULL,1,0,'malawi','malawi',1,0,NULL,'2010-02-11 06:52:40',1),(248,1,248,'Mauritius','Mauritius',1,'USD',1,NULL,1,0,'mauritius','mauritius',1,0,NULL,'2010-02-11 06:52:40',1),(249,1,249,'Qatar','Qatar',1,'USD',1,NULL,1,0,'qatar','qatar',1,0,NULL,'2010-02-11 06:52:40',1),(250,1,250,'Singapore','Singapore',1,'USD',1,NULL,5,0,'singapore','singapore',1,0,NULL,'2010-02-11 06:52:40',1),(251,1,251,'Swaziland','Swaziland',1,'USD',1,NULL,0,0,'swaziland','swaziland',1,0,NULL,'2010-02-11 06:52:40',1),(252,1,252,'Taiwan','Taiwan',1,'USD',1,NULL,8,0,'taiwan','taiwan',1,0,NULL,'2010-02-11 06:52:40',1),(253,1,253,'Thailand','Thailand',1,'USD',1,NULL,1,0,'thailand','thailand',1,0,NULL,'2010-02-11 06:52:40',1),(254,1,254,'Tunisia','Tunisia',1,'USD',1,NULL,2,0,'tunisia','tunisia',1,0,NULL,'2010-02-11 06:52:40',1),(255,1,255,'Venezuela','Venezuela',1,'USD',1,NULL,0,0,'venezuela','venezuela',1,0,NULL,'2010-02-11 06:52:40',1),(256,1,256,'Yemen','Yemen',1,'USD',1,NULL,6,0,'yemen','yemen',1,0,NULL,'2010-02-11 06:52:40',1),(257,1,257,'To Do Note','To Do Note',0.05,'USD',1,NULL,9631,0,'to-do-note','to-do-note',1,0,NULL,'2010-02-11 06:52:40',1),(258,1,258,'Queen\'s Crown','Queen\'s Crown',0.75,'USD',1,NULL,220,0,'queens-crown','queens-crown',1,0,NULL,'2010-02-11 06:52:40',1),(259,1,259,'Motor Helmet','Motor Helmet',0.25,'USD',0,NULL,0,0,'motor-helmet','motor-helmet',1,0,NULL,'2010-02-11 06:52:40',1),(260,1,260,'You And Mig33','You And Mig33',0.25,'USD',0,NULL,0,0,'you-and-mig33','you-and-mig33',1,0,NULL,'2010-02-11 06:52:40',1),(261,1,261,'Love Pillow','Love Pillow',0.05,'USD',0,NULL,0,0,'love-pillow','love-pillow',1,0,NULL,'2010-02-11 06:52:40',1),(262,1,262,'My Angel','My Angel',0.75,'USD',0,NULL,0,0,'my-angel','my-angel',1,0,NULL,'2010-02-11 06:52:40',1),(263,1,263,'Migpillow','Migpillow',0.25,'USD',0,NULL,0,0,'migpillow','migpillow',1,0,NULL,'2010-02-11 06:52:40',1),(264,1,264,'Kiss Me Baby','Kiss Me Baby',0.25,'USD',0,NULL,0,0,'kiss-me-baby','kiss-me-baby',1,0,NULL,'2010-02-11 06:52:40',1),(265,1,265,'Valentine Bracelet 1','Valentine Bracelet 1',0.25,'USD',0,NULL,0,0,'valentine-bracelet-1','valentine-bracelet-1',1,0,NULL,'2010-02-11 06:52:40',1),(266,1,266,'Valentine Bracelet 2','Valentine Bracelet 2',0.25,'USD',0,NULL,0,0,'valentine-bracelet-2','valentine-bracelet-2',1,0,NULL,'2010-02-11 06:52:40',1),(267,1,267,'Love Phone','Love Phone',0.25,'USD',0,NULL,0,0,'love-phone','love-phone',1,0,NULL,'2010-02-11 06:52:40',1),(268,1,268,'Mandarin Orange','Mandarin Orange',0.05,'USD',0,NULL,0,0,'mandarin-orange','mandarin-orange',1,0,NULL,'2010-02-11 06:52:40',1),(269,1,269,'Hamper','Hamper',0.25,'USD',0,NULL,0,0,'hamper','hamper',1,0,NULL,'2010-02-11 06:52:40',1),(270,1,270,'Gold','Gold',0.25,'USD',0,NULL,0,0,'gold','gold',1,0,NULL,'2010-02-11 06:52:40',1),(271,1,271,'Love Songs','Love Songs',0.25,'USD',0,NULL,0,0,'love-songs','love-songs',1,0,NULL,'2010-02-11 06:52:40',1),(272,1,272,'Luck','Luck',0.25,'USD',0,NULL,0,0,'luck','luck',1,0,NULL,'2010-02-11 06:52:40',1),(273,1,273,'Pair Of Ticket','Pair Of Ticket',0.75,'USD',0,NULL,0,0,'pair-of-ticket','pair-of-ticket',1,0,NULL,'2010-02-11 06:52:40',1),(274,1,274,'Red Packet 2','Red Packet 2',0.25,'USD',0,NULL,0,0,'red-packet-2','red-packet-2',1,0,NULL,'2010-02-11 06:52:40',1),(275,1,275,'Love to You','Love to You',0.25,'USD',0,NULL,0,0,'love-to-you','love-to-you',1,0,NULL,'2010-02-11 06:52:40',1),(276,1,276,'Heart To You','Heart To You',0.25,'USD',0,NULL,0,0,'heart-to-you','heart-to-you',1,0,NULL,'2010-02-11 06:52:40',1),(277,1,277,'Just For You','Just For You',0.25,'USD',0,NULL,0,0,'just-for-you','just-for-you',1,0,NULL,'2010-02-11 06:52:40',1),(278,1,278,'Love Badge','Love Badge',0.05,'USD',0,NULL,0,0,'love-badge','love-badge',1,0,NULL,'2010-02-11 06:52:40',1),(279,1,279,'Forever','Forever',0.05,'USD',0,NULL,0,0,'forever','forever',1,0,NULL,'2010-02-11 06:52:40',1),(280,1,280,'Bear Hug','Bear Hug',0.25,'USD',0,NULL,0,0,'bear-hug','bear-hug',1,0,NULL,'2010-02-11 06:52:40',1),(281,1,281,'Valentine Flower','Valentine Flower',0.05,'USD',0,NULL,0,0,'valentine-flower','valentine-flower',1,0,NULL,'2010-02-11 06:52:40',1),(282,1,282,'Valentine Chocolate','Valentine Chocolate',0.05,'USD',0,NULL,0,0,'valentine-chocolate','valentine-chocolate',1,0,NULL,'2010-02-11 06:52:40',1),(283,1,283,'Valentine Card','Valentine Card',0.25,'USD',0,NULL,0,0,'valentine-card','valentine-card',1,0,NULL,'2010-02-11 06:52:40',1),(284,1,284,'Kissing Angel','Kissing Angel',0.25,'USD',0,NULL,0,0,'kissing-angel','kissing-angel',1,0,NULL,'2010-02-11 06:52:40',1),(285,1,285,'Music Box','Music Box',0.75,'USD',0,NULL,0,0,'music-box','music-box',1,0,NULL,'2010-02-11 06:52:40',1),(286,1,286,'Love Lolipop','Love Lolipop',0.25,'USD',0,NULL,0,0,'love-lolipop','love-lolipop',1,0,NULL,'2010-02-11 06:52:40',1),(287,1,287,'Get Well Soon','Get Well Soon',0.25,'USD',0,NULL,0,0,'get-well-soon','get-well-soon',1,0,NULL,'2010-02-11 06:52:40',1),(288,1,288,'Blue Hat','Blue Hat',0.05,'USD',0,NULL,0,0,'blue-hat','blue-hat',1,0,NULL,'2010-02-11 06:52:40',1),(289,1,289,'Kohinoor','Kohinoor',2,'USD',0,NULL,0,0,'kohinoor','kohinoor',1,0,NULL,'2010-02-11 06:52:40',1),(290,1,290,'Love Monitor','Love Monitor',0.05,'USD',0,NULL,0,0,'love-monitor','love-monitor',1,0,NULL,'2010-02-11 06:52:40',1),(291,1,291,'Devil\'s Wand','Devil\'s Wand',0.25,'USD',0,NULL,0,0,'devils-wand','devils-wand',1,0,NULL,'2010-02-11 06:52:40',1),(292,1,292,'Strawberry','Strawberry',0.05,'USD',0,NULL,0,0,'strawberry','strawberry',1,0,NULL,'2010-02-11 06:52:40',1),(293,1,293,'Burger','Burger',0.05,'USD',0,NULL,0,0,'burger','burger',1,0,NULL,'2010-02-11 06:52:40',1),(294,1,294,'Witch\'s Broom','Witch\'s Broom',0.25,'USD',0,NULL,0,0,'witchs-broom','witchs-broom',1,0,NULL,'2010-02-11 06:52:40',1),(295,1,295,'International Mother Language Day','International Mother Language Day',0.25,'USD',0,NULL,0,0,'int-mother-language-day','int-mother-language-day',1,0,NULL,'2010-02-11 06:52:40',1),(296,1,296,'Black Bra','Black Bra',0.25,'USD',0,NULL,0,0,'black-bra','black-bra',1,0,NULL,'2010-02-11 06:52:40',1),(297,1,297,'Cabinet','Cabinet',0.75,'USD',0,NULL,0,0,'cabinet','cabinet',1,0,NULL,'2010-02-11 06:52:40',1),(298,1,298,'Blue Pin','Blue Pin',0.05,'USD',0,NULL,0,0,'blue-pin','blue-pin',1,0,NULL,'2010-02-11 06:52:40',1),(299,1,299,'Pink Pin','Pink Pin',0.05,'USD',0,NULL,0,0,'pink-pin','pink-pin',1,0,NULL,'2010-02-11 06:52:40',1),(300,1,300,'Frst Aid','Frst Aid',0.05,'USD',0,NULL,0,0,'first-aid','first-aid',1,0,NULL,'2010-02-11 06:52:40',1),(301,1,301,'Hi Hi','Hi Hi',0.25,'USD',0,NULL,0,0,'hi-hi','hi-hi',1,0,NULL,'2010-02-11 06:52:40',1),(302,1,302,'Mignum','Mignum',0.05,'USD',0,NULL,0,0,'mignum','mignum',1,0,NULL,'2010-02-11 06:52:40',1),(303,1,303,'Heart Emerald','Heart Emerald',0.75,'USD',0,NULL,0,0,'heart-emerald','heart-emerald',1,0,NULL,'2010-02-11 06:52:40',1),(304,1,304,'Welcome','Welcome',0.25,'USD',0,NULL,0,0,'welcome','welcome',1,0,NULL,'2010-02-11 06:52:40',1),(305,1,305,'Poke','Poke',0.25,'USD',0,NULL,0,0,'poke','poke',1,0,NULL,'2010-02-11 06:52:40',1),(306,1,306,'Graduation','Graduation',0.05,'USD',0,NULL,0,0,'graduation','graduation',1,0,NULL,'2010-02-11 06:52:40',1),(307,1,307,'My Friend','My Friend',0.05,'USD',0,NULL,0,0,'my-friend','my-friend',1,0,NULL,'2010-02-11 06:52:40',1),(308,1,308,'Best Friend Bracelet','Best Friend Bracelet',0.75,'USD',0,NULL,0,0,'best-friend-bracelet','best-friend-bracelet',1,0,NULL,'2010-02-11 06:52:40',1),(309,1,309,'B beer','B beer',0.25,'USD',0,NULL,0,0,'b-beer','b-beer',1,0,NULL,'2010-02-11 06:52:40',1),(310,1,310,'Mobile','Mobile',0.75,'USD',0,NULL,0,0,'mobile','mobile',1,0,NULL,'2010-02-11 06:52:40',1),(311,1,311,'E Jeans','E Jeans',0.25,'USD',0,NULL,0,0,'e-jeans','e-jeans',1,0,NULL,'2010-02-11 06:52:40',1),(312,1,312,'Sandal','Sandal',0.25,'USD',0,NULL,0,0,'sandal','sandal',1,0,NULL,'2010-02-11 06:52:40',1),(313,1,313,'Lipstick','Lipstick',0.05,'USD',0,NULL,0,0,'lipstick','lipstick',1,0,NULL,'2010-02-11 06:52:40',1),(314,1,314,'Coconut Drink','Coconut Drink',0.05,'USD',0,NULL,0,0,'coconut-drink','coconut-drink',1,0,NULL,'2010-02-11 06:52:40',1),(315,1,315,'Red Bull','Red Bull',0.25,'USD',0,NULL,0,0,'red-bull','red-bull',1,0,NULL,'2010-02-11 06:52:40',1),(316,1,316,'Handycam','Handycam',0.75,'USD',0,NULL,0,0,'handycam','handycam',1,0,NULL,'2010-02-11 06:52:40',1),(317,1,317,'Aquarius','Aquarius',0.05,'USD',0,NULL,0,0,'aquarius','aquarius',1,0,NULL,'2010-02-11 06:52:40',1),(318,1,318,'Gemini','Gemini',0.05,'USD',0,NULL,0,0,'gemini','gemini',1,0,NULL,'2010-02-11 06:52:40',1),(319,1,319,'Aries','Aries',0.05,'USD',0,NULL,0,0,'aries','aries',1,0,NULL,'2010-02-11 06:52:40',1),(320,1,320,'Cancer','Cancer',0.05,'USD',0,NULL,0,0,'cancer','cancer',1,0,NULL,'2010-02-11 06:52:40',1),(321,1,321,'Capricorn','Capricorn',0.05,'USD',0,NULL,0,0,'capricorn','capricorn',1,0,NULL,'2010-02-11 06:52:40',1),(322,1,322,'Leo','Leo',0.05,'USD',0,NULL,0,0,'leo','leo',1,0,NULL,'2010-02-11 06:52:40',1),(323,1,323,'Pisces','Pisces',0.05,'USD',0,NULL,0,0,'pisces','pisces',1,0,NULL,'2010-02-11 06:52:40',1),(324,1,324,'Scorpio','Scorpio',0.05,'USD',0,NULL,0,0,'scorpio','scorpio',1,0,NULL,'2010-02-11 06:52:40',1),(325,1,325,'Sagittarius','Sagittarius',0.05,'USD',0,NULL,0,0,'sagittarius','sagittarius',1,0,NULL,'2010-02-11 06:52:40',1),(326,1,326,'Libra','Libra',0.05,'USD',0,NULL,0,0,'libra','libra',1,0,NULL,'2010-02-11 06:52:40',1),(327,1,327,'Virgo','Virgo',0.05,'USD',0,NULL,0,0,'virgo','virgo',1,0,NULL,'2010-02-11 06:52:40',1),(328,1,328,'Taurus','Taurus',0.05,'USD',0,NULL,0,0,'taurus','taurus',1,0,NULL,'2010-02-11 06:52:40',1),(329,1,329,'Zebra','Zebra',0.05,'USD',0,NULL,0,0,'zebra','zebra',1,0,NULL,'2010-02-11 06:52:40',1),(330,1,330,'Gift Box','Gift Box',0.05,'USD',0,NULL,0,0,'gift-box','gift-box',1,0,NULL,'2010-02-11 06:52:40',1),(331,1,331,'Ceramic Pot 1','Ceramic Pot 1',0.05,'USD',0,NULL,0,0,'ceramic-pot-1','ceramic-pot-1',1,0,NULL,'2010-02-11 06:52:40',1),(332,1,332,'Ceramic Pot 2','Ceramic Pot 2',0.05,'USD',0,NULL,0,0,'ceramic-pot-2','ceramic-pot-2',1,0,NULL,'2010-02-11 06:52:40',1),(333,1,333,'Ceramic Pot 3','Ceramic Pot 3',0.05,'USD',0,NULL,0,0,'ceramic-pot-3','ceramic-pot-3',1,0,NULL,'2010-02-11 06:52:40',1),(334,3,2,'Extras Pack',NULL,0.1,'AUD',1,NULL,1,0,'extras','extras',1,0,NULL,'2010-02-11 06:52:46',1),(335,3,3,'Animal Pack',NULL,0.25,'AUD',1,NULL,1,0,'animal','animal',1,0,NULL,'2010-02-11 06:52:46',1),(336,3,4,'Fun Pack',NULL,0.5,'AUD',1,NULL,1,1,'fun','fun',1,0,NULL,'2010-02-11 06:52:46',1),(337,3,5,'Scary Pack',NULL,0.8,'AUD',1,NULL,1,0,'scary-pack','scary-pack',1,0,NULL,'2010-02-11 06:52:46',1),(338,3,6,'Mig Games 2008',NULL,0.5,'AUD',1,NULL,0,0,'mig-games-2008','mig-games-2008',1,0,NULL,'2010-02-11 06:52:46',1),(339,3,7,'Love Pack',NULL,0.3,'AUD',1,NULL,4,1,'love','love',1,0,NULL,'2010-02-11 06:52:46',1),(340,3,8,'Eid-Ul-Fitr Pack',NULL,0.5,'AUD',1,NULL,1,0,'eid-ulfitri','eid-ulfitri',1,0,NULL,'2010-02-11 06:52:46',1),(341,3,9,'Football Pack',NULL,0.25,'AUD',1,NULL,1,1,'football','football',1,0,NULL,'2010-02-11 06:52:46',1),(342,3,10,'Food Pack',NULL,0.4,'AUD',1,NULL,1,0,'food','food',1,0,NULL,'2010-02-11 06:52:46',1),(343,3,11,'Deepavali Pack',NULL,0.5,'AUD',1,NULL,1,0,'deepavali','deepavali',1,0,NULL,'2010-02-11 06:52:46',1),(344,3,12,'Music Pack',NULL,0.25,'AUD',1,NULL,0,0,'music','music',1,0,NULL,'2010-02-11 06:52:46',1),(345,3,13,'V4 Pack',NULL,0,'AUD',1,NULL,0,0,'v4','v4',1,0,NULL,'2010-02-11 06:52:46',1),(346,3,14,'Feel Good',NULL,0.3,'AUD',1,NULL,2,1,'feel-good','feel-good',1,0,NULL,'2010-02-11 06:52:46',1),(347,3,15,'Brunei Sneak Peek',NULL,0.05,'AUD',1,NULL,0,0,'bruneisneakpeek','bruneisneakpeek',1,0,NULL,'2010-02-11 06:52:46',1),(348,3,16,'Christmas',NULL,0.15,'AUD',1,NULL,0,0,'christmas','christmas',1,0,NULL,'2010-02-11 06:52:46',1),(349,3,17,'New Year Pack',NULL,0.15,'AUD',1,NULL,0,0,'new-year','new-year',1,0,NULL,'2010-02-11 06:52:46',1),(350,3,18,'Chinese New Year',NULL,0.25,'AUD',1,NULL,1,1,'chinese-new-year','chinese-new-year',1,0,NULL,'2010-02-11 06:52:46',1),(351,3,19,'Valentine\'s Day',NULL,0.3,'AUD',1,NULL,0,0,'valentines-day','valentines-day',1,0,NULL,'2010-02-11 06:52:46',1),(352,3,20,'Earth Day',NULL,0.75,'AUD',1,NULL,0,0,'earth-day','earth-day',1,0,NULL,'2010-02-11 06:52:46',1),(353,3,21,'Cricket',NULL,0.4,'AUD',1,NULL,0,0,'cricket','cricket',1,0,NULL,'2010-02-11 06:52:46',1),(354,3,22,'4.1 Test Pack',NULL,100000,'AUD',0,NULL,0,0,'41-test-pack','41-test-pack',1,0,NULL,'2010-02-11 06:52:46',1),(355,3,23,'IndosatJun09',NULL,0,'AUD',1,NULL,0,0,'indosat-june09','indosat-june09',0,0,NULL,'2010-02-11 06:52:46',1),(356,3,24,'Ramadan',NULL,0.25,'AUD',1,NULL,3,1,'ramadan','ramadan',0,0,NULL,'2010-02-11 06:52:46',1),(357,3,25,'migBots',NULL,0.5,'AUD',1,NULL,0,0,'migbots','migbots',1,0,NULL,'2010-02-11 06:52:46',1),(358,3,28,'UNO',NULL,99999,'AUD',1,NULL,0,0,'uno','uno',0,0,NULL,'2010-02-11 06:52:46',1),(359,3,29,'Dice',NULL,100000,'AUD',1,NULL,0,0,'dice','dice',0,0,NULL,'2010-02-11 06:52:46',1),(360,3,30,'Playing Cards',NULL,100000,'AUD',1,NULL,0,0,'playing-cards','playing-cards',0,0,NULL,'2010-02-11 06:52:46',1),(361,3,31,'Diwali 2009',NULL,0.25,'AUD',1,NULL,1,0,'diwali-2009','diwali-2009',1,0,NULL,'2010-02-11 06:52:46',1),(362,3,33,'Halloween',NULL,0.25,'AUD',1,NULL,0,0,'halloween','halloween',1,0,NULL,'2010-02-11 06:52:46',1),(363,3,34,'Halloween IM3',NULL,0,'AUD',1,NULL,0,0,'halloween-im3','halloween-im3',0,0,NULL,'2010-02-11 06:52:46',1),(364,3,35,'Numbers Pack',NULL,0.55,'AUD',1,NULL,0,0,'numbers','numbers',1,0,NULL,'2010-02-11 06:52:46',1),(365,3,36,'Dress Pack',NULL,0.33,'AUD',1,NULL,0,0,'dress','dress',1,0,NULL,'2010-02-11 06:52:46',1),(366,3,37,'Xmas 2009 Pack',NULL,0.27,'AUD',1,NULL,0,0,'xmas-2009','xmas-2009',1,0,NULL,'2010-02-11 06:52:46',1),(367,3,38,'NY 2010 Pack',NULL,0.27,'AUD',1,NULL,0,0,'ny-2010','ny-2010',1,0,NULL,'2010-02-11 06:52:46',1),(368,3,39,'Clock Pack',NULL,0.28,'AUD',1,NULL,0,0,'clock','clock',1,0,NULL,'2010-02-11 06:52:46',1),(369,3,40,'Flower Pack',NULL,0.34,'AUD',1,NULL,0,0,'flower','flower',1,0,NULL,'2010-02-11 06:52:46',1),(370,3,41,'Extra Pack 2',NULL,0.56,'AUD',1,NULL,0,0,'extra-2','extra-2',1,0,NULL,'2010-02-11 06:52:46',1),(371,3,42,'Sport Pack',NULL,0.34,'AUD',1,NULL,0,0,'sport','sport',1,0,NULL,'2010-02-11 06:52:46',1),(372,3,43,'Zodiac Pack',NULL,0.28,'AUD',1,NULL,0,0,'zodiac','zodiac',1,0,NULL,'2010-02-11 06:52:46',1),(373,3,44,'Heart Pack',NULL,0.33,'AUD',1,NULL,0,0,'heart','heart',1,0,NULL,'2010-02-11 06:52:46',1),(374,3,45,'CNY and Valentine Pack',NULL,0.28,'AUD',1,NULL,0,0,'cny-valentine','cny-valentine',1,0,NULL,'2010-02-11 06:52:46',1),(375,3,46,'Shortcode Pack',NULL,0.56,'AUD',1,NULL,0,0,'shortcode','shortcode',0,0,NULL,'2010-02-11 06:52:46',1),(376,3,47,'Arrow Pack',NULL,0.33,'AUD',1,NULL,0,0,'arrow','arrow',0,0,NULL,'2010-02-11 06:52:46',1),(377,4,26,'Cool Pack',NULL,0,'AUD',1,NULL,5,1,'cool','cool',1,0,NULL,'2010-02-11 06:52:53',1),(378,4,27,'Sizzling Pack',NULL,0,'AUD',1,NULL,2,1,'sizzling','sizzling',1,0,NULL,'2010-02-11 06:52:53',1),(379,5,1,'Blossom','Blossom',0,'USD',1,NULL,0,1,'blossom','blossom',1,0,NULL,'2010-02-11 06:53:01',1),(380,5,2,'Dark','Dark',0,'USD',1,NULL,0,0,'dark','dark',1,0,NULL,'2010-02-11 06:53:01',1),(381,5,3,'Nature','Nature',0,'USD',1,NULL,0,1,'nature','nature',1,0,NULL,'2010-02-11 06:53:01',1),(382,5,4,'Dragon','Dragon',0,'USD',0,NULL,0,0,'dragon','dragon',1,0,NULL,'2010-02-11 06:53:01',1),(383,5,5,'Christmas Red','Christmas Red',0,'USD',1,NULL,0,0,'christmas-red','christmas-red',1,0,NULL,'2010-02-11 06:53:01',1),(384,5,6,'Christmas Green','Christmas Green',0,'USD',1,NULL,0,0,'christmas-green','christmas-green',1,0,NULL,'2010-02-11 06:53:01',1),(385,5,7,'Chinese New Year 2009','Chinese New Year 2009',0,'USD',1,NULL,0,1,'cny-2009','cny-2009',1,0,NULL,'2010-02-11 06:53:01',1),(386,5,8,'Valentines Blue','Valentines Blue',0,'USD',1,NULL,0,1,'valentine-blue','valentine-blue',1,0,NULL,'2010-02-11 06:53:01',1),(387,5,9,'Valentines Pink','Valentines Pink',0,'USD',1,NULL,0,1,'valentine-pink','valentine-pink',1,0,NULL,'2010-02-11 06:53:01',1),(388,5,10,'Cricket','Cricket',0,'USD',1,NULL,0,0,'cricket','cricket',1,0,NULL,'2010-02-11 06:53:01',1),(389,5,13,'KingsXI','KingsXI',0,'USD',1,NULL,0,0,'kingsxi','kingsxi',1,0,NULL,'2010-02-11 06:53:01',1),(390,5,14,'Delhi Daredevils','Delhi Daredevils',0,'USD',1,NULL,0,0,'delhi-daredevils','delhi-daredevils',1,0,NULL,'2010-02-11 06:53:01',1),(391,5,15,'Royal Challengers','Royal Challengers',0,'USD',1,NULL,0,0,'royal-challengers','royal-challengers',1,0,NULL,'2010-02-11 06:53:01',1),(392,5,16,'Deccan Chargers','Deccan Chargers',0,'USD',1,NULL,0,0,'deccan-chargers','deccan-chargers',1,0,NULL,'2010-02-11 06:53:01',1),(393,5,17,'Chennai Super Kings','Chennai Super Kings',0,'USD',1,NULL,0,1,'chennai-super-kings','chennai-super-kings',1,0,NULL,'2010-02-11 06:53:01',1),(394,5,18,'Kolkata Knight Riders','Kolkata Knight Riders',0,'USD',1,NULL,0,0,'kolkatta-knight-riders','kolkatta-knight-riders',1,0,NULL,'2010-02-11 06:53:01',1),(395,5,19,'mig33 default','mig33 default',0,'USD',1,NULL,0,0,'mig33-default','mig33-default',1,0,NULL,'2010-02-11 06:53:01',1),(502,2,103,'Autumn','',0.5,'USD',1,NULL,5,1,'backgroundautumn','backgroundautumn',1,0,NULL,'2010-02-12 01:28:16',1),(503,2,104,'Summer','',0.5,'USD',1,NULL,6,1,'backgroundsummer','backgroundsummer',1,50,NULL,'2010-02-12 01:28:16',1),(504,2,105,'Winter','',0.5,'USD',1,NULL,4,1,'backgroundwinter','backgroundwinter',1,0,NULL,'2010-02-12 01:28:16',1),(505,2,102,'Spring','',0.5,'USD',1,NULL,6,1,'backgroundspring','backgroundspring',1,0,NULL,'2010-02-12 01:29:05',1);

/*Table structure for table `storeitemcategory` */

DROP TABLE IF EXISTS `storeitemcategory`;

CREATE TABLE `storeitemcategory` (
  `StoreItemID` int(11) NOT NULL,
  `StoreCategoryID` int(11) NOT NULL,
  PRIMARY KEY  (`StoreItemID`,`StoreCategoryID`),
  KEY `FK_StoreCategory_2` (`StoreCategoryID`)
) ENGINE=InnoDB DEFAULT CHARSET=utf8;

/*Data for the table `storeitemcategory` */

insert  into `storeitemcategory`(`StoreItemID`,`StoreCategoryID`) values (1,9),(2,6),(3,6),(4,6),(5,8),(6,8),(7,6),(8,8),(9,8),(10,11),(11,13),(12,7),(13,7),(14,7),(15,7),(16,7),(17,7),(18,7),(19,6),(20,8),(21,9),(22,6),(23,6),(24,6),(25,9),(26,6),(27,6),(28,6),(29,6),(30,6),(31,6),(32,6),(33,6),(34,10),(35,10),(36,10),(37,10),(38,10),(39,10),(40,10),(41,10),(42,10),(43,10),(44,10),(45,10),(46,10),(47,10),(48,10),(49,10),(50,10),(51,10),(52,10),(53,10),(54,10),(55,10),(56,10),(57,10),(58,10),(59,10),(60,15),(61,17),(62,17),(63,17),(64,17),(65,13),(66,13),(67,13),(68,13),(69,13),(70,13),(71,8),(72,7),(73,7),(74,7),(75,7),(76,9),(77,9),(78,9),(79,9),(80,9),(81,9),(82,7),(83,7),(84,7),(85,7),(86,12),(87,12),(88,12),(89,9),(90,12),(91,7),(92,17),(93,12),(94,8),(95,6),(96,15),(97,17),(98,9),(99,15),(100,7),(101,12),(102,15),(103,7),(104,6),(105,17),(106,12),(107,7),(108,9),(109,6),(110,8),(111,8),(112,12),(113,12),(114,12),(115,12),(116,6),(117,9),(118,13),(119,15),(120,10),(121,6),(122,13),(123,6),(124,15),(125,12),(126,15),(127,6),(128,12),(129,17),(130,13),(131,17),(132,12),(133,15),(134,7),(135,12),(136,12),(137,12),(138,6),(139,8),(140,17),(141,12),(142,6),(143,16),(144,17),(145,7),(146,13),(147,7),(148,7),(149,7),(150,7),(151,7),(152,7),(153,7),(154,7),(155,7),(156,12),(157,12),(158,12),(159,12),(160,12),(161,12),(162,12),(163,12),(164,12),(165,12),(166,12),(167,12),(168,12),(169,12),(170,12),(171,12),(172,12),(173,12),(174,12),(175,12),(176,15),(177,15),(178,13),(179,6),(180,9),(181,13),(182,8),(183,9),(184,9),(185,17),(186,17),(187,9),(188,9),(189,8),(190,8),(191,8),(192,9),(193,9),(194,8),(195,9),(196,9),(197,13),(198,13),(199,9),(200,10),(201,15),(202,15),(203,9),(204,9),(205,8),(206,8),(207,9),(208,8),(209,8),(210,9),(211,12),(212,13),(213,13),(214,9),(215,15),(216,15),(217,6),(218,13),(219,9),(220,9),(221,13),(222,12),(223,8),(224,8),(225,6),(226,6),(227,17),(228,13),(229,9),(230,15),(231,12),(232,9),(233,9),(234,9),(235,12),(236,12),(237,12),(238,12),(239,12),(240,12),(241,12),(242,12),(243,12),(244,12),(245,12),(246,12),(247,12),(248,12),(249,12),(250,12),(251,12),(252,12),(253,12),(254,12),(255,12),(256,12),(257,13),(258,13),(259,10),(260,13),(261,6),(262,6),(263,13),(264,6),(265,6),(266,6),(267,6),(268,7),(269,7),(270,13),(271,6),(272,13),(273,6),(274,7),(275,6),(276,6),(277,6),(278,6),(279,6),(280,6),(281,6),(282,6),(283,6),(284,6),(285,14),(286,6),(287,17),(288,9),(289,13),(290,6),(291,9),(292,8),(293,8),(294,9),(295,7),(296,9),(297,13),(298,13),(299,13),(300,13),(301,17),(302,13),(303,6),(304,17),(305,17),(306,17),(307,17),(308,17),(309,8),(310,15),(311,9),(312,9),(313,9),(314,8),(315,8),(316,15),(317,13),(318,13),(319,13),(320,13),(321,13),(322,13),(323,13),(324,13),(325,13),(326,13),(327,13),(328,13),(329,16),(330,17),(331,13),(332,13),(333,13),(334,18),(335,25),(336,21),(337,21),(338,23),(339,18),(340,19),(341,22),(342,20),(343,19),(344,24),(345,23),(346,21),(347,23),(348,19),(349,19),(350,19),(351,19),(352,19),(353,22),(354,23),(355,23),(356,19),(357,23),(358,21),(359,21),(360,21),(361,19),(362,19),(363,19),(364,21),(365,21),(366,19),(367,19),(368,21),(369,18),(370,23),(371,22),(372,21),(373,18),(374,19),(375,23),(376,21),(377,26),(378,26),(379,29),(380,29),(381,29),(382,29),(383,28),(384,28),(385,28),(386,31),(387,31),(388,30),(389,30),(390,30),(391,30),(392,30),(393,30),(394,30),(395,27),(502,32),(503,32),(504,32),(505,32);

/*!40101 SET SQL_MODE=@OLD_SQL_MODE */;
/*!40014 SET FOREIGN_KEY_CHECKS=@OLD_FOREIGN_KEY_CHECKS */;
/*!40014 SET UNIQUE_CHECKS=@OLD_UNIQUE_CHECKS */;
/*!40111 SET SQL_NOTES=@OLD_SQL_NOTES */;
